Location,Group,clientId,Choice set,Gender,Grade,Older siblings,Younger siblings,payoff,choiceSelf,choiceOther,choiceTime,click.0.index,click.1.index,click.2.index,click.3.index,click.4.index,click.5.index
BUR,67-G1,8,1,M,7,0,1,12,10,2,15172,0,3,1,4,2,5
BUR,67-G1,8,2,M,7,0,1,12,12,4,14623,0,3,1,4,2,5
BUR,67-G1,8,3,M,7,0,1,15,12,3,7553,0,3,1,4,2,5
BUR,67-G1,8,4,M,7,0,1,8,4,0,14946,0,3,1,4,2,5
BUR,67-G1,3,1,M,6,0,1,14,12,2,9485,0,3,1,4,2,5
BUR,67-G1,3,2,M,6,0,1,16,12,4,7734,0,3,1,4,2,5
BUR,67-G1,3,3,M,6,0,1,15,12,3,6719,0,3,1,4,2,5
BUR,67-G1,3,4,M,6,0,1,8,4,8,11266,0,3,1,4,2,5
BUR,67-G1,7,1,M,6,0,0,14,12,2,5735,0,3,1,4,2,5
BUR,67-G1,7,2,M,6,0,0,16,12,4,4734,0,3,1,4,2,5
BUR,67-G1,7,3,M,6,0,0,18,12,0,6031,0,3,1,4,2,5
BUR,67-G1,7,4,M,6,0,0,8,4,4,8047,0,3,1,4,2,5
BUR,67-G1,1,1,M,6,0,1,10,8,8,11641,0,3,1,4,2,5
BUR,67-G1,1,2,M,6,0,1,24,12,4,17985,0,3,1,4,2,5
BUR,67-G1,1,3,M,6,0,1,6,6,6,16500,0,3,1,4,2,5
BUR,67-G1,1,4,M,6,0,1,8,4,8,7125,0,3,1,4,2,5
BUR,67-G1,4,1,F,7,2,0,20,12,2,10848,0,3,1,4,2,5
BUR,67-G1,4,2,F,7,2,0,16,12,4,8041,0,3,1,4,2,5
BUR,67-G1,4,3,F,7,2,0,15,12,0,9217,0,3,1,4,2,5
BUR,67-G1,4,4,F,7,2,0,12,4,4,8437,0,3,1,4,2,5
BUR,67-G1,0,1,M,6,1,0,20,12,2,11587,0,1,2,3,4,5
BUR,67-G1,0,2,M,6,1,0,16,12,4,8601,0,1,2,3,4,5
BUR,67-G1,0,3,M,6,1,0,12,12,0,6256,0,1,2,4,5,3
BUR,67-G1,0,4,M,6,1,0,8,4,4,8170,0,1,2,3,4,5
BUR,67-G1,10,1,F,7,0,0,14,12,2,10928,2,5,1,4,0,3
BUR,67-G1,10,2,F,7,0,0,16,12,4,10484,0,3,1,4,2,5
BUR,67-G1,10,3,F,7,0,0,12,12,3,7277,0,3,1,4,2,5
BUR,67-G1,10,4,F,7,0,0,8,4,8,9787,0,3,1,4,2,5
BUR,67-G1,6,1,F,7,0,0,20,12,2,12626,0,3,1,4,2,5
BUR,67-G1,6,2,F,7,0,0,8,4,0,9079,1,4,2,5,0,3
BUR,67-G1,6,3,F,7,0,0,15,12,0,10313,3,1,5,2,0,4
BUR,67-G1,6,4,F,7,0,0,4,4,4,8141,0,1,2,3,4,5
BUR,67-G1,5,1,F,7,0,1,10,8,8,11751,0,3,1,4,2,5
BUR,67-G1,5,2,F,7,0,1,16,12,4,9126,0,3,1,4,2,5
BUR,67-G1,5,3,F,7,0,1,12,12,3,7031,0,3,1,4,2,5
BUR,67-G1,5,4,F,7,0,1,12,4,4,6079,0,3,1,4,2,5
BUR,67-G1,11,1,F,6,0,2,10,8,8,7235,0,1,2,3,4,5
BUR,67-G1,11,2,F,6,0,2,8,4,12,6610,0,1,2,,,
BUR,67-G1,11,3,F,6,0,2,12,12,0,9735,1,4,2,5,0,3
BUR,67-G1,11,4,F,6,0,2,12,4,4,8797,0,3,1,4,2,5
BUR,67-G1,2,1,F,6,0,1,20,12,2,9781,0,1,2,3,4,5
BUR,67-G1,2,2,F,6,0,1,16,12,4,9391,3,4,5,2,1,0
BUR,67-G1,2,3,F,6,0,1,15,12,3,11672,0,1,2,5,4,3
BUR,67-G1,2,4,F,6,0,1,12,4,4,8594,0,1,2,5,4,3
BUR,67-G1,9,1,M,7,0,0,10,8,8,19626,0,1,2,5,4,3
BUR,67-G1,9,2,M,7,0,0,16,12,4,7237,0,1,2,5,4,3
BUR,67-G1,9,3,M,7,0,0,15,12,3,8570,0,1,5,2,4,3
BUR,67-G1,9,4,M,7,0,0,8,4,8,5657,0,1,2,5,3,4
BUR,67-G2,2,3,F,7,0,0,18,12,3,17188,4,0,2,5,1,3
BUR,67-G2,2,2,F,7,0,0,16,12,4,12063,4,1,3,0,5,2
BUR,67-G2,2,1,F,7,0,0,10,8,8,34267,0,3,1,4,2,5
BUR,67-G2,2,4,F,7,0,0,4,4,4,11220,0,3,4,1,2,5
BUR,67-G2,3,3,F,6,1,1,18,12,0,9110,0,3,1,4,2,5
BUR,67-G2,3,2,F,6,1,1,16,12,4,7359,0,3,1,4,2,5
BUR,67-G2,3,1,F,6,1,1,14,12,2,10563,0,3,1,4,2,5
BUR,67-G2,3,4,F,6,1,1,4,4,0,7048,3,0,1,4,2,5
BUR,67-G2,0,3,M,7,2,2,12,12,3,14297,2,1,0,3,4,5
BUR,67-G2,0,2,M,7,2,2,8,4,12,18521,1,0,2,3,4,5
BUR,67-G2,0,1,M,7,2,2,20,12,2,7657,0,1,2,3,4,5
BUR,67-G2,0,4,M,7,2,2,12,4,0,14374,0,1,2,3,4,5
BUR,67-G2,1,3,M,7,0,1,12,12,0,9000,2,5,1,4,3,0
BUR,67-G2,1,2,M,7,0,1,8,4,0,11868,0,1,2,5,4,3
BUR,67-G2,1,1,M,7,0,1,20,12,2,15753,0,1,2,5,4,3
BUR,67-G2,1,4,M,7,0,1,4,4,0,9391,1,2,5,4,3,0
BUR,67-G2,5,3,M,6,0,0,15,12,0,5744,0,1,2,5,4,3
BUR,67-G2,5,2,M,6,0,0,16,12,4,7265,0,1,2,5,4,3
BUR,67-G2,5,1,M,6,0,0,14,12,2,12866,3,4,5,2,1,0
BUR,67-G2,5,4,M,6,0,0,4,4,0,10198,0,4,2,5,1,3
BUR,67-G2,9,3,F,6,0,0,15,12,3,15384,2,3,4,0,1,
BUR,67-G2,9,2,F,6,0,0,16,12,4,14982,0,1,2,5,4,3
BUR,67-G2,9,1,F,6,0,0,20,12,2,16008,0,1,2,4,5,3
BUR,67-G2,9,4,F,6,0,0,12,4,4,12021,0,4,2,5,1,3
BUR,67-G2,10,3,M,6,1,0,6,6,6,6844,0,3,1,4,2,5
BUR,67-G2,10,2,M,6,1,0,8,4,12,6562,0,3,1,4,2,5
BUR,67-G2,10,1,M,6,1,0,10,8,8,6110,0,3,1,4,2,5
BUR,67-G2,10,4,M,6,1,0,4,4,8,6719,0,3,4,1,5,2
BUR,67-G2,8,3,M,6,1,0,15,12,0,12919,1,4,2,5,3,
BUR,67-G2,8,2,M,6,1,0,24,12,4,11542,1,4,5,3,2,0
BUR,67-G2,8,1,M,6,1,0,14,12,2,11384,3,4,5,1,0,
BUR,67-G2,8,4,M,6,1,0,12,4,0,10796,4,3,5,0,2,1
BUR,67-G2,7,3,F,7,0,0,15,12,3,11266,0,3,1,4,2,5
BUR,67-G2,7,2,F,7,0,0,24,12,4,15844,0,3,1,4,2,5
BUR,67-G2,7,1,F,7,0,0,10,8,8,13000,0,3,1,4,5,2
BUR,67-G2,7,4,F,7,0,0,4,4,8,8594,2,5,1,4,0,3
BUR,67-G2,11,3,M,6,1,0,12,12,3,11344,4,2,3,1,0,5
BUR,67-G2,11,2,M,6,1,0,12,12,4,10641,1,2,5,4,0,3
BUR,67-G2,11,1,M,6,1,0,20,12,2,11579,3,0,4,1,5,2
BUR,67-G2,11,4,M,6,1,0,8,4,0,8672,3,0,4,1,5,2
BUR,67-G2,6,3,M,7,0,0,9,6,6,8188,0,3,1,4,2,5
BUR,67-G2,6,2,M,7,0,0,16,12,4,6422,0,3,1,4,2,5
BUR,67-G2,6,1,M,7,0,0,10,8,8,14563,0,1,2,5,4,3
BUR,67-G2,6,4,M,7,0,0,8,4,8,15297,1,2,5,4,3,0
BUR,67-G2,4,3,M,6,1,0,12,12,0,10761,0,1,5,2,,
BUR,67-G2,4,2,M,6,1,0,16,12,4,10460,0,1,5,2,4,3
BUR,67-G2,4,1,M,6,1,0,14,12,2,16988,0,1,2,3,4,5
BUR,67-G2,4,4,M,6,1,0,4,4,0,11686,0,2,4,1,3,5
BUR,67-G3,1,2,M,6,0,0,24,12,4,12891,0,3,1,4,2,5
BUR,67-G3,1,3,M,6,0,0,12,12,0,10079,0,3,1,4,2,5
BUR,67-G3,1,4,M,6,0,0,8,4,0,11657,0,3,1,4,2,5
BUR,67-G3,1,1,M,6,0,0,14,12,2,5953,3,0,1,4,2,5
BUR,67-G3,6,2,M,6,1,0,16,12,4,7281,0,3,1,4,2,5
BUR,67-G3,6,3,M,6,1,0,12,12,3,8813,0,3,1,4,2,5
BUR,67-G3,6,4,M,6,1,0,12,4,8,6031,0,1,2,3,4,5
BUR,67-G3,6,1,M,6,1,0,20,12,2,5750,0,1,2,3,4,5
BUR,67-G3,9,2,M,6,2,0,16,12,4,17750,0,1,2,3,4,5
BUR,67-G3,9,3,M,6,2,0,15,12,0,14626,0,1,2,3,4,5
BUR,67-G3,9,4,M,6,2,0,8,4,0,12423,0,1,2,3,4,5
BUR,67-G3,9,1,M,6,2,0,14,12,2,10688,0,1,2,3,4,5
BUR,67-G3,4,2,M,6,2,2,16,12,4,8090,0,3,1,4,2,5
BUR,67-G3,4,3,M,6,2,2,15,12,0,11680,0,3,1,4,2,5
BUR,67-G3,4,4,M,6,2,2,8,4,4,4599,0,3,1,4,2,5
BUR,67-G3,4,1,M,6,2,2,14,12,2,8611,3,0,1,4,2,5
BUR,67-G3,3,2,M,6,0,1,16,12,4,9094,0,1,2,5,4,3
BUR,67-G3,3,3,M,6,0,1,15,12,0,7250,1,4,3,0,2,5
BUR,67-G3,3,4,M,6,0,1,4,4,4,9750,0,3,1,4,2,5
BUR,67-G3,3,1,M,6,0,1,14,12,2,5219,0,1,2,5,4,3
BUR,67-G3,5,2,M,6,0,1,16,12,4,9428,0,1,2,3,4,5
BUR,67-G3,5,3,M,6,0,1,12,12,3,9001,0,1,2,3,4,5
BUR,67-G3,5,4,M,6,0,1,8,4,4,18833,0,1,2,3,4,5
BUR,67-G3,5,1,M,6,0,1,14,12,2,5561,0,1,2,3,4,5
BUR,67-G3,2,2,F,6,0,1,16,12,4,13938,0,1,2,3,4,5
BUR,67-G3,2,3,F,6,0,1,12,12,3,14516,0,1,2,3,4,5
BUR,67-G3,2,4,F,6,0,1,4,4,4,8735,0,1,2,3,4,5
BUR,67-G3,2,1,F,6,0,1,14,12,2,8000,3,4,2,5,1,0
BUR,67-G3,7,2,M,6,0,0,8,4,12,10269,5,2,4,1,3,0
BUR,67-G3,7,3,M,6,0,0,12,12,3,16637,4,1,5,2,3,0
BUR,67-G3,7,4,M,6,0,0,12,4,8,7515,3,0,4,1,2,5
BUR,67-G3,7,1,M,6,0,0,10,8,8,5764,3,0,4,1,5,2
BUR,67-G3,8,2,M,6,0,3+,16,12,4,9376,0,3,1,4,5,2
BUR,67-G3,8,3,M,6,0,3+,12,12,0,13969,0,3,1,4,2,5
BUR,67-G3,8,4,M,6,0,3+,8,4,0,8493,0,3,1,4,2,5
BUR,67-G3,8,1,M,6,0,3+,14,12,2,6600,0,3,1,4,2,5
BUR,67-G3,0,2,F,6,1,1,16,12,4,9938,1,4,2,5,0,3
BUR,67-G3,0,3,F,6,1,1,15,12,0,8094,0,3,1,4,2,5
BUR,67-G3,0,4,F,6,1,1,4,4,4,7031,0,3,1,4,2,5
BUR,67-G3,0,1,F,6,1,1,14,12,2,5922,0,3,1,4,2,5
BUR,67-G4,9,1,F,7,0,1,10,8,8,14235,4,5,3,2,0,1
BUR,67-G4,9,4,F,7,0,1,8,4,4,18185,3,4,5,2,1,
BUR,67-G4,9,3,F,7,0,1,12,6,6,5526,0,4,5,2,,
BUR,67-G4,9,2,F,7,0,1,8,4,12,15737,3,4,5,2,1,0
BUR,67-G4,1,1,M,7,2,0,14,12,2,16688,0,1,2,3,4,5
BUR,67-G4,1,4,M,7,2,0,8,4,4,8094,0,1,2,,,
BUR,67-G4,1,3,M,7,2,0,15,12,3,5657,0,1,2,,,
BUR,67-G4,1,2,M,7,2,0,16,12,4,7859,3,4,5,2,1,0
BUR,67-G4,0,1,F,7,0,2,14,12,2,8532,0,3,1,4,2,5
BUR,67-G4,0,4,F,7,0,2,12,4,0,8922,0,3,1,4,2,5
BUR,67-G4,0,3,F,7,0,2,12,12,0,7391,0,3,1,4,5,2
BUR,67-G4,0,2,F,7,0,2,16,12,4,5172,0,3,1,4,2,5
BUR,67-G4,7,1,F,6,0,2,16,8,8,10485,0,1,2,3,4,5
BUR,67-G4,7,4,F,6,0,2,12,4,4,8594,0,1,2,3,4,5
BUR,67-G4,7,3,F,6,0,2,9,6,6,13126,0,1,2,3,4,5
BUR,67-G4,7,2,F,6,0,2,16,12,4,10970,0,1,2,3,4,5
BUR,67-G4,4,1,M,7,1,1,16,8,8,8203,0,3,1,4,2,5
BUR,67-G4,4,4,M,7,1,1,12,4,8,10688,0,3,1,4,2,5
BUR,67-G4,4,3,M,7,1,1,9,6,6,4407,0,3,1,4,2,5
BUR,67-G4,4,2,M,7,1,1,8,4,12,10001,0,3,1,4,2,5
BUR,67-G4,5,1,M,7,1,0,10,8,8,13157,0,1,2,3,4,5
BUR,67-G4,5,4,M,7,1,0,8,4,8,10253,0,1,2,5,4,3
BUR,67-G4,5,3,M,7,1,0,15,12,3,12063,2,1,0,3,4,5
BUR,67-G4,5,2,M,7,1,0,16,12,4,9509,1,0,2,5,4,3
BUR,67-G4,6,1,F,8,0,1,20,12,2,10321,0,3,,,,
BUR,67-G4,6,4,F,8,0,1,12,4,4,16154,1,4,0,3,2,5
BUR,67-G4,6,3,F,8,0,1,18,12,3,8061,3,1,5,4,,
BUR,67-G4,6,2,F,8,0,1,24,12,4,7955,2,1,0,3,5,
BUR,67-G4,2,1,M,7,0,2,20,12,2,13969,0,4,2,5,1,3
BUR,67-G4,2,4,M,7,0,2,8,4,8,8734,1,4,0,3,2,5
BUR,67-G4,2,3,M,7,0,2,18,12,3,6625,0,3,1,4,2,5
BUR,67-G4,2,2,M,7,0,2,24,12,4,5313,4,1,2,5,3,0
BUR,67-G4,3,1,M,7,2,0,20,12,2,5876,0,3,4,1,5,2
BUR,67-G4,3,4,M,7,2,0,12,4,8,14173,0,3,1,4,5,2
BUR,67-G4,3,3,M,7,2,0,12,12,0,7594,0,3,1,4,5,2
BUR,67-G4,3,2,M,7,2,0,16,12,4,4625,0,3,1,4,5,2
BUR,67-G4,8,1,M,7,0,0,10,8,8,14094,2,5,4,1,0,3
BUR,67-G4,8,4,M,7,0,0,4,4,8,9922,1,4,2,5,0,3
BUR,67-G4,8,3,M,7,0,0,12,6,6,7094,1,4,2,5,0,3
BUR,67-G4,8,2,M,7,0,0,16,12,4,5969,0,3,4,1,2,5
BUR,67-G5,1,2,F,7,2,0,24,12,4,9904,0,1,2,3,4,5
BUR,67-G5,1,1,F,7,2,0,20,12,2,10980,0,3,1,4,2,5
BUR,67-G5,1,4,F,7,2,0,4,4,4,7782,0,3,1,4,2,5
BUR,67-G5,1,3,F,7,2,0,12,12,3,13347,0,3,1,4,2,5
BUR,67-G5,3,2,F,7,1,0,16,12,4,9938,0,3,1,4,2,5
BUR,67-G5,3,1,F,7,1,0,18,10,2,10672,0,3,1,4,2,5
BUR,67-G5,3,4,F,7,1,0,4,4,0,8563,0,3,4,1,2,5
BUR,67-G5,3,3,F,7,1,0,15,12,0,4703,0,3,1,4,2,5
BUR,67-G5,0,2,M,7,2,0,8,4,12,14954,0,3,1,4,2,5
BUR,67-G5,0,1,M,7,2,0,10,8,8,5828,0,1,2,3,4,5
BUR,67-G5,0,4,M,7,2,0,12,4,4,6938,0,1,2,5,4,3
BUR,67-G5,0,3,M,7,2,0,9,6,6,9798,0,1,2,5,4,3
BUR,67-G5,4,2,M,7,0,1,24,12,4,5469,0,,,,,
BUR,67-G5,4,1,M,7,0,1,12,10,2,12157,1,0,2,4,,
BUR,67-G5,4,4,M,7,0,1,8,4,0,10735,0,1,2,4,3,5
BUR,67-G5,4,3,M,7,0,1,18,12,0,3485,0,,,,,
BUR,67-G5,5,2,M,8,0,1,16,12,4,5750,0,3,1,4,2,5
BUR,67-G5,5,1,M,8,0,1,14,12,2,9547,0,3,1,4,2,5
BUR,67-G5,5,4,M,8,0,1,8,4,8,7000,0,3,1,4,2,5
BUR,67-G5,5,3,M,8,0,1,18,12,3,6047,0,3,1,4,2,5
BUR,67-G5,2,2,M,7,1,0,8,4,12,19844,1,5,3,0,2,4
BUR,67-G5,2,1,M,7,1,0,10,8,8,5594,0,3,1,4,2,5
BUR,67-G5,2,4,M,7,1,0,4,4,0,6797,0,3,1,4,2,5
BUR,67-G5,2,3,M,7,1,0,6,6,6,6765,0,3,1,4,2,5
BUR,810-G1,3,1,F,10,3+,1,14,12,2,10858,0,1,2,3,4,5
BUR,810-G1,3,2,F,10,3+,1,16,12,4,8030,0,1,2,5,4,3
BUR,810-G1,3,3,F,10,3+,1,12,12,3,10599,0,1,2,3,4,5
BUR,810-G1,3,4,F,10,3+,1,4,4,8,8995,0,1,2,5,4,3
BUR,810-G1,0,1,F,10,0,0,16,8,8,17720,4,1,2,5,0,3
BUR,810-G1,0,2,F,10,0,0,16,12,4,10095,0,1,2,3,5,4
BUR,810-G1,0,3,F,10,0,0,9,6,6,6422,1,4,2,5,0,3
BUR,810-G1,0,4,F,10,0,0,8,4,0,6329,1,4,2,5,0,3
BUR,810-G1,9,1,F,10,0,0,14,12,2,13019,0,1,2,3,4,5
BUR,810-G1,9,2,F,10,0,0,16,12,4,10563,0,1,2,3,4,5
BUR,810-G1,9,3,F,10,0,0,18,12,3,10834,0,1,2,5,4,3
BUR,810-G1,9,4,F,10,0,0,4,4,8,7719,0,1,2,3,4,5
BUR,810-G1,8,1,F,10,1,0,14,12,2,21673,3,0,1,4,5,2
BUR,810-G1,8,2,F,10,1,0,16,12,4,15423,4,1,2,5,3,0
BUR,810-G1,8,3,F,10,1,0,12,12,3,6907,4,1,2,5,3,0
BUR,810-G1,8,4,F,10,1,0,12,4,8,5579,3,0,1,4,5,2
BUR,810-G1,7,1,M,10,3+,1,16,8,8,17965,0,1,2,5,4,3
BUR,810-G1,7,2,M,10,3+,1,16,12,4,12363,0,1,4,3,2,5
BUR,810-G1,7,3,M,10,3+,1,9,6,6,4967,0,3,1,4,2,5
BUR,810-G1,7,4,M,10,3+,1,4,4,4,4287,3,0,1,4,2,5
BUR,810-G1,6,1,F,10,0,0,14,12,2,42986,4,5,3,2,1,0
BUR,810-G1,6,2,F,10,0,0,16,12,4,26673,3,4,5,1,2,0
BUR,810-G1,6,3,F,10,0,0,12,12,3,20548,0,1,2,5,4,3
BUR,810-G1,6,4,F,10,0,0,12,4,8,11735,3,4,5,0,1,2
BUR,810-G1,1,1,F,10,0,1,14,12,2,9850,0,3,1,4,2,5
BUR,810-G1,1,2,F,10,0,1,16,12,4,7415,0,3,1,4,2,5
BUR,810-G1,1,3,F,10,0,1,15,12,0,5006,0,3,1,4,2,5
BUR,810-G1,1,4,F,10,0,1,12,4,0,4885,0,3,1,4,2,5
BUR,810-G1,4,1,F,10,1,1,14,12,2,11000,0,1,2,3,4,5
BUR,810-G1,4,2,F,10,1,1,16,12,4,10719,0,1,2,3,4,5
BUR,810-G1,4,3,F,10,1,1,15,12,0,7204,0,3,1,4,2,5
BUR,810-G1,4,4,F,10,1,1,8,4,0,5485,0,3,1,4,2,5
BUR,810-G1,2,1,F,10,0,0,14,12,2,8454,0,1,2,3,4,5
BUR,810-G1,2,2,F,10,0,0,16,12,4,9438,0,3,1,4,2,5
BUR,810-G1,2,3,F,10,0,0,18,12,3,13329,0,3,1,4,2,5
BUR,810-G1,2,4,F,10,0,0,4,4,4,8704,0,3,1,4,2,5
BUR,810-G1,5,1,M,10,0,2,14,12,2,13141,0,3,1,4,2,5
BUR,810-G1,5,2,M,10,0,2,16,12,4,22594,0,3,1,4,2,5
BUR,810-G1,5,3,M,10,0,2,15,12,0,14282,0,3,1,4,2,5
BUR,810-G1,5,4,M,10,0,2,12,4,0,7235,0,3,1,4,2,5
BUR,810-G2,6,3,F,10,1,1,6,6,6,16892,0,3,1,4,5,2
BUR,810-G2,6,2,F,10,1,1,16,12,4,15469,3,0,4,1,5,2
BUR,810-G2,6,1,F,10,1,1,12,10,2,11985,0,3,4,1,2,5
BUR,810-G2,6,4,F,10,1,1,8,4,4,5547,0,3,4,1,2,5
BUR,810-G2,9,3,M,10,0,1,12,12,3,14926,0,3,1,4,2,5
BUR,810-G2,9,2,M,10,0,1,16,12,4,15988,0,3,1,4,2,5
BUR,810-G2,9,1,M,10,0,1,14,12,2,13719,0,3,4,1,2,5
BUR,810-G2,9,4,M,10,0,1,12,4,0,14780,0,2,1,3,4,5
BUR,810-G2,10,3,F,10,0,1,18,12,0,42502,3,1,2,5,4,0
BUR,810-G2,10,2,F,10,0,1,16,12,4,21610,3,1,2,0,4,5
BUR,810-G2,10,1,F,10,0,1,10,8,8,17453,0,1,2,5,4,3
BUR,810-G2,10,4,F,10,0,1,8,4,4,20188,0,3,1,4,2,5
BUR,810-G2,4,3,F,10,0,1,9,6,6,15674,0,3,1,4,2,5
BUR,810-G2,4,2,F,10,0,1,16,12,4,16432,3,0,1,4,2,5
BUR,810-G2,4,1,F,10,0,1,16,8,8,11350,0,3,4,2,1,5
BUR,810-G2,4,4,F,10,0,1,8,4,4,9922,3,0,1,4,5,2
BUR,810-G2,7,3,F,10,0,0,12,6,6,13028,2,1,0,3,4,5
BUR,810-G2,7,2,F,10,0,0,16,4,0,6928,0,3,1,4,2,5
BUR,810-G2,7,1,F,10,0,0,16,8,8,8532,0,3,4,1,5,2
BUR,810-G2,7,4,F,10,0,0,12,4,4,12290,2,5,4,1,3,0
BUR,810-G2,5,3,M,10,0,2,18,12,3,7412,2,5,4,1,0,3
BUR,810-G2,5,2,M,10,0,2,16,12,4,5656,0,3,1,4,2,5
BUR,810-G2,5,1,M,10,0,2,20,12,2,14757,0,3,1,4,2,5
BUR,810-G2,5,4,M,10,0,2,8,4,4,15242,0,3,1,4,2,5
BUR,810-G2,3,3,M,10,0,1,6,6,6,7735,0,3,1,4,2,5
BUR,810-G2,3,2,M,10,0,1,4,4,12,12625,0,3,1,4,2,5
BUR,810-G2,3,1,M,10,0,1,10,8,8,13267,0,3,4,5,,
BUR,810-G2,3,4,M,10,0,1,12,4,8,14563,0,4,2,3,5,
BUR,810-G2,11,3,M,10,0,0,15,12,0,10500,3,0,4,1,2,5
BUR,810-G2,11,2,M,10,0,0,8,4,12,13054,0,3,1,4,2,5
BUR,810-G2,11,1,M,10,0,0,16,8,8,3891,0,3,1,4,2,5
BUR,810-G2,11,4,M,10,0,0,4,4,8,7047,3,0,1,4,2,5
BUR,810-G2,8,3,F,10,2,1,12,6,6,3891,,,,,,
BUR,810-G2,8,2,F,10,2,1,24,12,4,2844,,,,,,
BUR,810-G2,8,1,F,10,2,1,18,10,2,2359,,,,,,
BUR,810-G2,8,4,F,10,2,1,12,4,8,4047,,,,,,
BUR,810-G2,1,3,F,10,1,0,15,12,3,17406,2,5,1,4,0,3
BUR,810-G2,1,2,F,10,1,0,16,12,4,9972,2,5,1,4,3,0
BUR,810-G2,1,1,F,10,1,0,10,8,8,4704,2,5,1,4,0,3
BUR,810-G2,1,4,F,10,1,0,8,4,4,8206,5,2,4,1,3,0
BUR,810-G2,0,3,M,10,0,0,18,12,0,26470,3,4,1,0,2,5
BUR,810-G2,0,2,M,10,0,0,16,12,4,7641,0,4,2,5,1,3
BUR,810-G2,0,1,M,10,0,0,20,12,2,23142,3,0,1,4,2,5
BUR,810-G2,0,4,M,10,0,0,8,4,4,4656,3,0,1,4,2,5
BUR,810-G2,2,3,M,10,0,1,15,12,3,9688,5,2,4,1,3,0
BUR,810-G2,2,2,M,10,0,1,16,12,4,18016,1,0,4,2,5,3
BUR,810-G2,2,1,M,10,0,1,16,8,8,8766,1,0,2,4,3,5
BUR,810-G2,2,4,M,10,0,1,8,4,8,6063,0,1,5,2,4,3
BUR,810-G3,4,2,F,8,0,0,24,12,4,10031,0,1,2,3,4,5
BUR,810-G3,4,3,F,8,0,0,12,12,3,14860,0,1,2,3,4,5
BUR,810-G3,4,4,F,8,0,0,8,4,0,7453,0,1,2,3,4,5
BUR,810-G3,4,1,F,8,0,0,14,12,2,7469,0,1,2,3,4,5
BUR,810-G3,7,2,M,10,1,1,16,12,4,13657,0,3,1,4,2,5
BUR,810-G3,7,3,M,10,1,1,18,12,3,9500,0,3,1,4,2,5
BUR,810-G3,7,4,M,10,1,1,12,4,0,11064,0,3,1,4,5,2
BUR,810-G3,7,1,M,10,1,1,20,12,2,13127,0,3,4,1,2,5
BUR,810-G3,8,2,M,10,1,1,8,4,12,23719,0,3,1,4,2,5
BUR,810-G3,8,3,M,10,1,1,12,12,3,19735,0,3,1,4,2,5
BUR,810-G3,8,4,M,10,1,1,4,4,8,19564,4,2,3,1,5,
BUR,810-G3,8,1,M,10,1,1,14,12,2,11719,4,1,5,0,,
BUR,810-G3,2,2,M,8,0,2,8,4,0,10956,0,3,1,4,2,5
BUR,810-G3,2,3,M,8,0,2,15,12,0,10305,0,3,1,4,2,5
BUR,810-G3,2,4,M,8,0,2,12,4,0,11238,0,1,2,3,4,5
BUR,810-G3,2,1,M,8,0,2,14,12,2,17434,0,2,1,3,4,5
BUR,810-G3,5,2,F,8,0,1,12,12,4,6438,0,3,1,4,2,5
BUR,810-G3,5,3,F,8,0,1,15,12,0,12422,0,3,1,4,2,5
BUR,810-G3,5,4,F,8,0,1,8,4,0,6565,0,3,1,4,5,2
BUR,810-G3,5,1,F,8,0,1,20,12,2,6333,0,3,1,4,2,5
BUR,810-G3,9,2,M,8,0,1,8,4,12,3285,3,4,5,,,
BUR,810-G3,9,3,M,8,0,1,6,6,6,5164,3,4,5,,,
BUR,810-G3,9,4,M,8,0,1,4,4,8,3529,3,4,5,,,
BUR,810-G3,9,1,M,8,0,1,10,8,8,3183,3,4,5,,,
BUR,810-G3,1,2,M,10,0,2,16,12,4,6047,0,3,1,4,2,5
BUR,810-G3,1,3,M,10,0,2,12,12,3,6578,0,3,1,4,2,5
BUR,810-G3,1,4,M,10,0,2,4,4,4,7125,0,3,1,4,2,5
BUR,810-G3,1,1,M,10,0,2,14,12,2,5657,0,3,1,4,2,5
BUR,810-G3,3,2,M,8,2,0,16,12,4,7073,0,1,2,5,4,3
BUR,810-G3,3,3,M,8,2,0,15,12,0,6550,0,1,2,5,4,3
BUR,810-G3,3,4,M,8,2,0,4,4,0,8811,3,4,5,2,1,0
BUR,810-G3,3,1,M,8,2,0,14,12,2,6331,0,1,2,5,4,3
BUR,810-G3,0,2,M,8,0,2,24,12,4,5661,0,3,1,4,2,5
BUR,810-G3,0,3,M,8,0,2,18,12,0,5046,0,3,1,4,2,5
BUR,810-G3,0,4,M,8,0,2,4,4,0,5375,0,3,4,1,2,5
BUR,810-G3,0,1,M,8,0,2,14,12,2,4844,0,3,1,4,2,5
BUR,810-G3,6,2,F,10,0,1,16,12,4,11516,0,3,1,4,2,5
BUR,810-G3,6,3,F,10,0,1,9,6,6,9156,0,3,1,4,2,5
BUR,810-G3,6,4,F,10,0,1,4,4,4,7688,0,3,1,4,2,5
BUR,810-G3,6,1,F,10,0,1,10,8,8,7562,3,0,4,1,5,2
BUR,810-G4,1,1,F,10,1,1,14,12,2,14766,3,0,4,5,2,1
BUR,810-G4,1,4,F,10,1,1,12,4,0,10938,3,4,2,5,1,0
BUR,810-G4,1,3,F,10,1,1,15,12,0,9751,4,1,2,5,3,0
BUR,810-G4,1,2,F,10,1,1,8,4,0,12235,4,5,1,2,3,0
BUR,810-G4,7,1,M,8,2,0,12,10,2,14201,1,,,,,
BUR,810-G4,7,4,M,8,2,0,4,4,8,12883,3,5,,,,
BUR,810-G4,7,3,M,8,2,0,15,12,3,3968,1,,,,,
BUR,810-G4,7,2,M,8,2,0,4,4,12,11052,3,2,1,4,,
BUR,810-G4,2,1,M,10,2,0,14,12,2,15954,0,3,1,4,2,5
BUR,810-G4,2,4,M,10,2,0,4,4,4,11266,0,3,4,1,2,5
BUR,810-G4,2,3,M,10,2,0,15,12,0,6719,0,3,4,1,2,5
BUR,810-G4,2,2,M,10,2,0,16,4,0,5359,0,3,1,4,2,5
BUR,810-G4,3,1,F,8,0,2,20,12,2,12500,2,1,3,0,4,5
BUR,810-G4,3,4,F,8,0,2,12,4,8,13266,0,1,2,5,3,4
BUR,810-G4,3,3,F,8,0,2,15,12,3,8317,0,1,2,5,4,3
BUR,810-G4,3,2,F,8,0,2,16,12,4,6490,3,0,1,2,5,4
BUR,810-G4,9,1,M,8,2,0,10,8,8,18335,1,4,0,3,2,5
BUR,810-G4,9,4,M,8,2,0,4,4,4,10425,0,3,1,4,2,5
BUR,810-G4,9,3,M,8,2,0,12,12,3,12341,1,0,2,4,3,5
BUR,810-G4,9,2,M,8,2,0,16,12,4,3321,1,4,2,5,0,3
BUR,810-G4,6,1,M,10,0,1,10,8,8,12376,0,1,2,3,4,5
BUR,810-G4,6,4,M,10,0,1,8,4,0,12438,2,1,3,0,4,5
BUR,810-G4,6,3,M,10,0,1,12,12,3,7891,0,1,2,3,4,5
BUR,810-G4,6,2,M,10,0,1,12,12,4,5501,0,1,2,5,4,3
BUR,810-G4,0,1,F,10,1,0,14,12,2,13281,0,1,2,3,4,5
BUR,810-G4,0,4,F,10,1,0,4,4,4,11641,0,1,2,3,4,5
BUR,810-G4,0,3,F,10,1,0,15,12,0,15813,0,1,2,3,4,5
BUR,810-G4,0,2,F,10,1,0,16,12,4,7516,0,1,2,3,4,5
BUR,810-G4,5,1,F,8,0,1,20,12,2,14047,0,3,,,,
BUR,810-G4,5,4,F,8,0,1,8,4,0,13485,1,2,0,3,4,5
BUR,810-G4,5,3,F,8,0,1,15,12,3,10032,0,1,2,4,,
BUR,810-G4,5,2,F,8,0,1,16,12,4,8282,0,2,1,3,,
BUR,810-G4,8,1,F,8,0,1,14,12,2,18835,0,1,2,3,4,5
BUR,810-G4,8,4,F,8,0,1,8,4,0,11581,0,1,2,3,4,5
BUR,810-G4,8,3,F,8,0,1,12,12,3,10127,0,1,2,3,4,5
BUR,810-G4,8,2,F,8,0,1,16,12,4,8826,0,1,2,5,4,3
BUR,810-G4,4,1,M,10,2,0,14,12,2,18350,0,1,2,3,4,5
BUR,810-G4,4,4,M,10,2,0,12,4,8,8572,0,1,2,3,4,5
BUR,810-G4,4,3,M,10,2,0,15,12,3,10014,0,1,2,3,4,5
BUR,810-G4,4,2,M,10,2,0,16,12,4,11256,0,1,2,3,4,5
BUR,810-G5,9,2,M,8,1,1,16,4,0,18360,3,1,5,2,,
BUR,810-G5,9,1,M,8,1,1,12,10,2,7000,3,1,5,4,,
BUR,810-G5,9,4,M,8,1,1,4,4,0,11594,0,1,2,5,3,
BUR,810-G5,9,3,M,8,1,1,15,12,0,9595,3,4,5,0,,
BUR,810-G5,5,2,F,8,0,0,8,4,0,20433,0,1,2,3,4,5
BUR,810-G5,5,1,F,8,0,0,10,8,8,6297,0,1,2,3,4,5
BUR,810-G5,5,4,F,8,0,0,4,4,0,15409,0,1,2,3,5,4
BUR,810-G5,5,3,F,8,0,0,12,12,3,9438,0,1,2,3,4,5
BUR,810-G5,2,2,M,8,0,1,8,4,12,18169,0,3,1,4,2,5
BUR,810-G5,2,1,M,8,0,1,10,8,8,5559,0,3,1,4,2,5
BUR,810-G5,2,4,M,8,0,1,4,4,0,9259,0,3,1,4,2,5
BUR,810-G5,2,3,M,8,0,1,9,6,6,7292,3,0,1,4,2,5
BUR,810-G5,6,2,F,8,1,0,12,12,4,7219,0,1,2,3,4,5
BUR,810-G5,6,1,F,8,1,0,10,8,8,5563,0,1,2,3,4,5
BUR,810-G5,6,4,F,8,1,0,4,4,8,5750,0,1,2,5,4,3
BUR,810-G5,6,3,F,8,1,0,9,6,6,7594,0,1,2,5,4,3
BUR,810-G5,8,2,M,8,1,0,12,12,4,10860,3,1,5,2,4,0
BUR,810-G5,8,1,M,8,1,0,14,12,2,8860,5,2,4,1,3,0
BUR,810-G5,8,4,M,8,1,0,12,4,4,6610,0,3,1,4,2,5
BUR,810-G5,8,3,M,8,1,0,12,12,3,9454,0,4,2,5,1,3
BUR,810-G5,4,2,M,8,0,0,4,4,12,7266,3,4,5,,,
BUR,810-G5,4,1,M,8,0,0,20,12,2,15735,1,0,2,3,5,4
BUR,810-G5,4,4,M,8,0,0,4,4,0,7172,0,1,2,3,4,5
BUR,810-G5,4,3,M,8,0,0,15,12,0,6219,0,4,2,1,3,5
BUR,810-G5,7,2,M,8,0,0,16,12,4,14860,0,3,1,4,2,5
BUR,810-G5,7,1,M,8,0,0,20,12,2,13548,0,3,1,4,2,5
BUR,810-G5,7,4,M,8,0,0,8,4,4,10781,0,3,1,4,2,5
BUR,810-G5,7,3,M,8,0,0,12,12,3,6360,0,3,1,4,2,5
BUR,810-G5,3,2,F,8,1,0,24,12,4,10657,0,1,2,5,4,3
BUR,810-G5,3,1,F,8,1,0,20,12,2,9406,0,1,2,5,4,3
BUR,810-G5,3,4,F,8,1,0,8,4,4,9786,0,3,1,4,2,5
BUR,810-G5,3,3,F,8,1,0,15,12,0,7076,0,3,1,4,2,5
BUR,810-G5,0,2,M,8,0,1,8,4,0,7989,3,4,5,,,
BUR,810-G5,0,1,M,8,0,1,14,12,2,7691,0,1,2,,,
BUR,810-G5,0,4,M,8,0,1,12,4,0,5470,3,0,,,,
BUR,810-G5,0,3,M,8,0,1,18,12,3,6015,1,4,,,,
BUR,810-G5,1,2,M,8,0,1,16,12,4,15489,0,4,1,2,5,3
BUR,810-G5,1,1,M,8,0,1,14,12,2,23920,0,1,2,5,4,3
BUR,810-G5,1,4,M,8,0,1,8,4,8,7240,0,1,2,4,5,3
BUR,810-G5,1,3,M,8,0,1,18,12,3,13509,0,1,2,4,5,3
BUR,810-G6,1,3,M,8,1,1,6,6,6,5673,,,,,,
BUR,810-G6,1,2,M,8,1,1,16,12,4,3671,,,,,,
BUR,810-G6,1,1,M,8,1,1,14,12,2,8180,,,,,,
BUR,810-G6,1,4,M,8,1,1,4,4,4,2439,,,,,,
BUR,810-G6,5,3,F,8,3+,0,12,12,3,26632,0,1,2,3,4,5
BUR,810-G6,5,2,F,8,3+,0,16,12,4,24750,0,1,2,5,4,3
BUR,810-G6,5,1,F,8,3+,0,10,8,8,7472,0,1,2,5,4,3
BUR,810-G6,5,4,F,8,3+,0,4,4,4,13751,0,1,2,3,4,5
BUR,810-G6,9,3,M,8,0,0,6,6,6,11563,0,1,2,3,4,5
BUR,810-G6,9,2,M,8,0,0,16,12,4,9203,0,1,2,3,4,5
BUR,810-G6,9,1,M,8,0,0,10,8,8,8985,0,3,1,4,5,2
BUR,810-G6,9,4,M,8,0,0,12,4,4,15501,0,3,4,2,1,5
BUR,810-G6,2,3,M,8,1,0,15,12,3,17454,0,1,2,3,4,5
BUR,810-G6,2,2,M,8,1,0,16,12,4,6845,0,1,2,3,4,5
BUR,810-G6,2,1,M,8,1,0,14,12,2,26845,0,1,2,3,4,5
BUR,810-G6,2,4,M,8,1,0,8,4,8,6782,3,0,1,2,4,5
BUR,810-G6,4,3,M,8,0,1,15,12,3,19409,0,1,2,3,4,5
BUR,810-G6,4,2,M,8,0,1,16,12,4,9398,0,1,2,3,4,5
BUR,810-G6,4,1,M,8,0,1,10,8,8,9854,0,1,2,3,4,5
BUR,810-G6,4,4,M,8,0,1,4,4,8,7034,0,1,2,3,4,5
BUR,810-G6,6,3,F,8,1,0,18,12,0,7438,0,3,1,4,2,5
BUR,810-G6,6,2,F,8,1,0,16,12,4,8422,0,3,1,4,2,5
BUR,810-G6,6,1,F,8,1,0,20,12,2,7110,0,3,1,4,2,5
BUR,810-G6,6,4,F,8,1,0,12,4,0,7500,0,3,4,1,2,5
BUR,810-G6,0,3,M,8,0,1,15,12,0,5953,0,1,2,5,4,3
BUR,810-G6,0,2,M,8,0,1,12,12,4,7985,0,1,2,3,4,5
BUR,810-G6,0,1,M,8,0,1,20,12,2,5547,0,1,2,3,,
BUR,810-G6,0,4,M,8,0,1,4,4,0,6109,0,1,2,3,4,5
BUR,810-G6,7,3,F,8,0,1,12,12,0,11516,0,1,2,5,4,3
BUR,810-G6,7,2,F,8,0,1,24,12,4,11250,0,3,1,4,2,5
BUR,810-G6,7,1,F,8,0,1,20,12,2,8876,3,0,1,4,2,5
BUR,810-G6,7,4,F,8,0,1,8,4,0,7344,0,1,5,2,3,4
BUR,810-G6,3,3,M,8,0,0,12,12,0,21257,2,4,5,1,3,0
BUR,810-G6,3,2,M,8,0,0,8,4,0,12691,2,5,1,4,0,3
BUR,810-G6,3,1,M,8,0,0,14,12,2,6656,2,5,1,4,0,3
BUR,810-G6,3,4,M,8,0,0,4,4,0,11038,0,1,2,3,4,5
BUR,810-G6,8,3,M,8,2,2,18,12,0,16157,0,1,2,3,4,5
BUR,810-G6,8,2,M,8,2,2,8,4,12,203,,,,,,
BUR,810-G6,8,1,M,8,2,2,14,12,2,6656,0,1,2,3,4,5
BUR,810-G6,8,4,M,8,2,2,8,4,0,7469,0,1,2,3,4,5
LF,23-G1,2,1,F,2,1,2,14,12,2,8432,1,4,2,5,0,3
LF,23-G1,2,2,F,2,1,2,16,12,4,13795,0,3,1,4,2,5
LF,23-G1,2,3,F,2,1,2,12,12,0,7938,0,3,1,4,2,5
LF,23-G1,2,4,F,2,1,2,4,4,0,9827,0,3,1,4,2,5
LF,23-G1,6,1,M,2,0,1,14,12,2,8057,0,1,,,,
LF,23-G1,6,2,M,2,0,1,16,12,4,3847,0,,,,,
LF,23-G1,6,3,M,2,0,1,12,12,0,10098,0,1,2,3,4,
LF,23-G1,6,4,M,2,0,1,4,4,0,13850,0,1,2,3,4,5
LF,23-G1,4,1,F,2,0,1,14,12,2,7506,0,1,2,3,4,5
LF,23-G1,4,2,F,2,0,1,16,12,4,6288,0,1,2,,,
LF,23-G1,4,3,F,2,0,1,12,12,3,13833,0,1,2,4,3,5
LF,23-G1,4,4,F,2,0,1,4,4,4,8916,0,1,2,3,4,5
LF,23-G1,9,1,M,2,3+,3+,14,12,2,9937,0,1,2,3,4,5
LF,23-G1,9,2,M,2,3+,3+,16,12,4,12688,0,1,2,3,4,5
LF,23-G1,9,3,M,2,3+,3+,12,12,0,11407,0,1,2,3,4,5
LF,23-G1,9,4,M,2,3+,3+,4,4,4,7844,0,1,2,3,4,5
LF,23-G1,7,1,F,2,0,0,14,12,2,7637,0,3,1,4,2,5
LF,23-G1,7,2,F,2,0,0,16,12,4,6144,0,3,1,4,2,5
LF,23-G1,7,3,F,2,0,0,12,12,0,7115,0,3,1,4,2,5
LF,23-G1,7,4,F,2,0,0,4,4,0,10303,0,3,1,4,2,5
LF,23-G1,5,1,F,2,0,2,14,12,2,15934,0,1,2,3,4,5
LF,23-G1,5,2,F,2,0,2,16,12,4,8190,0,1,2,3,4,5
LF,23-G1,5,3,F,2,0,2,12,12,0,8225,3,0,1,2,4,5
LF,23-G1,5,4,F,2,0,2,8,4,0,12305,0,3,1,4,2,5
LF,23-G1,0,1,F,2,0,0,12,10,2,17797,2,5,1,4,0,3
LF,23-G1,0,2,F,2,0,0,16,12,4,6782,1,4,2,5,0,3
LF,23-G1,0,3,F,2,0,0,12,12,0,8360,3,0,1,4,2,5
LF,23-G1,0,4,F,2,0,0,4,4,0,7250,0,3,1,4,2,5
LF,23-G1,3,1,F,2,0,2,14,12,2,12726,0,1,2,3,4,5
LF,23-G1,3,2,F,2,0,2,16,12,4,12275,0,3,4,1,5,2
LF,23-G1,3,3,F,2,0,2,15,12,0,8223,3,0,4,1,5,2
LF,23-G1,3,4,F,2,0,2,4,4,0,16349,3,0,4,1,5,2
LF,23-G1,1,1,F,2,1,0,14,12,2,17469,0,3,1,4,2,5
LF,23-G1,1,2,F,2,1,0,16,12,4,7547,0,3,1,4,2,5
LF,23-G1,1,3,F,2,1,0,12,12,0,5407,0,3,1,4,2,5
LF,23-G1,1,4,F,2,1,0,4,4,0,6250,0,3,1,4,2,5
LF,23-G1,8,1,M,2,1,0,14,12,2,6375,3,0,1,4,5,2
LF,23-G1,8,2,M,2,1,0,16,12,4,7688,0,3,4,1,2,5
LF,23-G1,8,3,M,2,1,0,12,12,0,4954,0,3,1,4,2,5
LF,23-G1,8,4,M,2,1,0,8,4,0,8766,3,0,4,1,5,2
LF,23-G2,5,3,F,3,0,1,12,12,0,12050,0,3,1,4,2,5
LF,23-G2,5,2,F,3,0,1,16,12,4,20986,0,3,1,4,2,5
LF,23-G2,5,1,F,3,0,1,14,12,2,16723,0,3,1,4,2,5
LF,23-G2,5,4,F,3,0,1,4,4,0,9945,0,3,1,4,2,5
LF,23-G2,6,3,M,3,0,1,12,12,0,62846,4,,,,,
LF,23-G2,6,2,M,3,0,1,16,12,4,57409,5,3,0,1,4,2
LF,23-G2,6,1,M,3,0,1,12,10,2,11454,1,4,,,,
LF,23-G2,6,4,M,3,0,1,4,4,8,7594,2,5,,,,
LF,23-G2,9,3,F,3,0,0,12,12,0,12156,0,3,1,4,2,5
LF,23-G2,9,2,F,3,0,0,16,12,4,18876,0,3,1,4,2,5
LF,23-G2,9,1,F,3,0,0,14,12,2,17063,0,3,1,4,2,5
LF,23-G2,9,4,F,3,0,0,4,4,0,9735,0,3,1,4,2,5
LF,23-G2,3,3,M,3,1,0,12,6,6,1974,,,,,,
LF,23-G2,3,2,M,3,1,0,16,12,4,5739,2,5,1,4,0,3
LF,23-G2,3,1,M,3,1,0,14,12,2,6450,2,1,4,5,3,0
LF,23-G2,3,4,M,3,1,0,4,4,0,5362,0,3,1,4,2,5
LF,23-G2,2,3,F,3,0,1,12,6,6,7125,0,3,1,4,2,5
LF,23-G2,2,2,F,3,0,1,16,12,4,12704,0,3,4,1,2,5
LF,23-G2,2,1,F,3,0,1,14,12,2,6454,0,3,1,4,2,5
LF,23-G2,2,4,F,3,0,1,4,4,0,11078,0,3,1,4,2,5
LF,23-G2,8,3,M,3,0,0,12,12,0,10047,0,1,2,3,4,5
LF,23-G2,8,2,M,3,0,0,16,12,4,21001,0,1,2,3,4,5
LF,23-G2,8,1,M,3,0,0,14,12,2,13563,0,1,2,3,5,4
LF,23-G2,8,4,M,3,0,0,4,4,0,12219,0,1,2,3,4,5
LF,23-G2,7,3,M,3,3+,0,12,12,0,4703,0,3,,,,
LF,23-G2,7,2,M,3,3+,0,16,12,4,12559,0,3,1,4,2,5
LF,23-G2,7,1,M,3,3+,0,14,12,2,14222,0,3,4,1,2,5
LF,23-G2,7,4,M,3,3+,0,4,4,0,11282,0,3,1,4,2,5
LF,23-G2,1,3,M,3,0,0,12,12,0,10477,0,1,2,5,4,3
LF,23-G2,1,2,M,3,0,0,16,12,4,18284,0,1,2,5,4,3
LF,23-G2,1,1,M,3,0,0,14,12,2,8236,0,1,2,5,4,3
LF,23-G2,1,4,M,3,0,0,4,4,0,16282,0,1,2,5,4,3
LF,23-G2,0,3,M,3,0,0,12,12,0,6703,0,1,2,3,4,5
LF,23-G2,0,2,M,3,0,0,16,12,4,7829,0,1,2,3,4,5
LF,23-G2,0,1,M,3,0,0,14,12,2,5094,0,1,2,3,4,5
LF,23-G2,0,4,M,3,0,0,4,4,0,9359,0,1,2,3,4,5
LF,23-G2,4,3,F,3,0,2,12,12,0,10900,0,3,1,4,2,5
LF,23-G2,4,2,F,3,0,2,16,12,4,8737,0,3,1,4,2,5
LF,23-G2,4,1,F,3,0,2,14,12,2,10332,3,0,4,1,2,5
LF,23-G2,4,4,F,3,0,2,12,4,0,11936,0,3,1,4,5,2
LF,23-G3,7,2,F,2,0,0,8,4,12,26689,2,5,1,4,0,3
LF,23-G3,7,3,F,2,0,0,12,6,6,19407,1,4,2,5,0,3
LF,23-G3,7,4,F,2,0,0,4,4,8,10188,0,3,1,4,2,5
LF,23-G3,7,1,F,2,0,0,10,8,8,7954,0,3,1,4,2,5
LF,23-G3,8,2,M,2,0,1,24,12,4,23409,2,5,1,4,0,3
LF,23-G3,8,3,M,2,0,1,15,12,0,22902,2,5,1,4,0,3
LF,23-G3,8,4,M,2,0,1,8,4,0,17149,0,3,1,4,5,2
LF,23-G3,8,1,M,2,0,1,20,12,2,13453,0,3,1,4,2,5
LF,23-G3,3,2,F,2,1,0,16,4,0,23267,2,3,5,,,
LF,23-G3,3,3,F,2,1,0,12,12,0,9657,2,1,0,3,4,
LF,23-G3,3,4,F,2,1,0,12,4,0,7375,0,1,2,3,4,5
LF,23-G3,3,1,F,2,1,0,14,12,2,11516,0,1,2,3,4,5
LF,23-G3,0,2,M,2,0,1,24,12,4,19251,5,4,3,,,
LF,23-G3,0,3,M,2,0,1,9,6,6,15298,4,3,5,,,
LF,23-G3,0,4,M,2,0,1,4,4,4,12516,4,3,5,,,
LF,23-G3,0,1,M,2,0,1,18,10,2,11798,4,3,5,,,
LF,23-G3,1,2,M,2,0,2,8,4,12,10172,3,4,5,4,,
LF,23-G3,1,3,M,2,0,2,12,6,6,6519,3,4,5,,,
LF,23-G3,1,4,M,2,0,2,12,4,8,8798,3,4,5,,,
LF,23-G3,1,1,M,2,0,2,10,8,8,8503,3,4,5,,,
LF,23-G3,4,2,F,2,2,0,16,12,4,16235,0,3,1,4,2,5
LF,23-G3,4,3,F,2,2,0,15,12,0,10235,0,3,1,4,2,5
LF,23-G3,4,4,F,2,2,0,12,4,0,18939,0,3,1,4,2,5
LF,23-G3,4,1,F,2,2,0,14,12,2,9110,0,3,1,4,2,5
LF,23-G3,2,2,M,2,0,0,4,4,12,7291,3,4,5,,,
LF,23-G3,2,3,M,2,0,0,12,12,3,8664,3,1,5,1,,
LF,23-G3,2,4,M,2,0,0,4,4,8,7135,0,1,5,,,
LF,23-G3,2,1,M,2,0,0,10,8,8,5099,3,4,2,,,
LF,23-G3,6,2,F,2,3+,0,16,12,4,48219,0,3,1,4,2,5
LF,23-G3,6,3,F,2,3+,0,12,12,3,12718,0,3,1,4,2,5
LF,23-G3,6,4,F,2,3+,0,12,4,8,11769,2,5,1,4,0,3
LF,23-G3,6,1,F,2,3+,0,20,12,2,7244,2,5,1,4,0,3
LF,23-G3,9,2,M,2,0,0,16,12,4,20172,0,1,2,3,4,5
LF,23-G3,9,3,M,2,0,0,18,12,3,9265,3,0,1,4,5,2
LF,23-G3,9,4,M,2,0,0,4,4,8,10110,0,3,1,4,2,5
LF,23-G3,9,1,M,2,0,0,10,8,8,11610,2,5,4,1,3,0
LF,23-G3,5,2,F,2,0,0,16,12,4,13532,2,5,1,4,0,3
LF,23-G3,5,3,F,2,0,0,12,12,0,9500,2,5,1,4,0,3
LF,23-G3,5,4,F,2,0,0,12,4,0,10563,2,5,1,4,0,3
LF,23-G3,5,1,F,2,0,0,20,12,2,10829,0,3,1,4,2,5
LF,23-G4,10,1,F,3,0,0,14,12,2,8735,0,3,1,4,2,5
LF,23-G4,10,4,F,3,0,0,8,4,0,9954,0,3,1,4,2,5
LF,23-G4,10,3,F,3,0,0,12,12,0,6516,0,3,1,4,2,5
LF,23-G4,10,2,F,3,0,0,16,12,4,10344,0,3,1,4,2,5
LF,23-G4,7,1,F,2,2,1,14,12,2,7875,0,3,1,4,2,5
LF,23-G4,7,4,F,2,2,1,4,4,4,26048,0,3,1,4,2,5
LF,23-G4,7,3,F,2,2,1,12,12,0,22876,0,3,1,4,2,5
LF,23-G4,7,2,F,2,2,1,16,12,4,5672,0,3,1,4,2,5
LF,23-G4,5,1,F,2,0,1,14,12,2,13284,1,4,2,5,0,3
LF,23-G4,5,4,F,2,0,1,4,4,4,20546,0,3,1,4,2,5
LF,23-G4,5,3,F,2,0,1,12,12,0,21299,0,3,1,4,2,5
LF,23-G4,5,2,F,2,0,1,16,12,4,13232,0,3,1,4,2,5
LF,23-G4,9,1,F,2,3+,3+,14,12,2,55419,2,5,1,4,0,3
LF,23-G4,9,4,F,2,3+,3+,4,4,8,16660,3,0,1,4,2,5
LF,23-G4,9,3,F,2,3+,3+,12,12,0,8555,0,3,1,4,2,5
LF,23-G4,9,2,F,2,3+,3+,16,12,4,14809,0,3,1,4,2,5
LF,23-G4,4,1,F,2,0,1,14,12,2,8985,0,3,1,4,2,5
LF,23-G4,4,4,F,2,0,1,8,4,4,10641,0,3,4,1,5,2
LF,23-G4,4,3,F,2,0,1,12,12,0,10510,0,3,1,4,2,5
LF,23-G4,4,2,F,2,0,1,16,12,4,6016,0,3,1,4,2,5
LF,23-G4,1,1,F,2,0,1,14,12,2,10750,0,3,1,4,2,5
LF,23-G4,1,4,F,2,0,1,4,4,0,12688,0,3,1,4,2,5
LF,23-G4,1,3,F,2,0,1,12,12,0,6422,0,3,1,4,2,5
LF,23-G4,1,2,F,2,0,1,16,12,4,13517,0,3,1,4,2,5
LF,23-G4,8,1,M,2,0,0,12,10,2,10803,0,3,1,4,2,5
LF,23-G4,8,4,M,2,0,0,4,4,0,8986,,,,,,
LF,23-G4,8,3,M,2,0,0,12,12,0,11372,0,3,1,4,5,2
LF,23-G4,8,2,M,2,0,0,16,12,4,23468,,,,,,
LF,23-G4,11,1,F,3,0,1,14,12,2,7359,0,3,1,4,2,5
LF,23-G4,11,4,F,3,0,1,8,4,0,6469,0,3,1,4,2,5
LF,23-G4,11,3,F,3,0,1,12,12,0,13375,0,1,2,3,4,5
LF,23-G4,11,2,F,3,0,1,16,12,4,9298,0,1,2,3,4,5
LF,23-G4,0,1,M,2,2,1,14,12,2,7798,0,3,1,4,2,5
LF,23-G4,0,4,M,2,2,1,4,4,0,10625,0,3,1,4,2,5
LF,23-G4,0,3,M,2,2,1,12,12,0,5656,0,3,1,4,2,5
LF,23-G4,0,2,M,2,2,1,16,12,4,6860,3,0,4,1,5,2
LF,23-G4,3,1,M,2,1,0,14,12,2,7145,0,3,1,4,2,5
LF,23-G4,3,4,M,2,1,0,4,4,0,6492,0,3,1,4,2,5
LF,23-G4,3,3,M,2,1,0,12,12,0,6336,0,3,1,4,2,5
LF,23-G4,3,2,M,2,1,0,16,12,4,6651,0,3,1,4,2,5
LF,23-G4,6,1,M,2,2,1,14,12,2,6503,3,4,5,2,1,0
LF,23-G4,6,4,M,2,2,1,12,4,0,12078,3,0,4,1,5,2
LF,23-G4,6,3,M,2,2,1,12,12,0,10463,0,3,4,1,5,2
LF,23-G4,6,2,M,2,2,1,16,12,4,9568,0,3,4,1,2,5
LF,23-G4,2,1,M,2,0,0,14,12,2,6532,5,2,4,1,0,3
LF,23-G4,2,4,M,2,0,0,8,4,4,7859,0,3,1,4,2,5
LF,23-G4,2,3,M,2,0,0,12,12,0,18203,0,3,1,4,2,5
LF,23-G4,2,2,M,2,0,0,16,12,4,8922,0,3,1,4,2,5
LF,23-G5,2,2,M,3,1,0,16,12,4,7533,0,2,1,4,3,5
LF,23-G5,2,1,M,3,1,0,14,12,2,5074,0,2,1,3,4,5
LF,23-G5,2,4,M,3,1,0,4,4,8,6189,0,1,2,5,4,3
LF,23-G5,2,3,M,3,1,0,12,12,0,7039,0,1,2,3,4,5
LF,23-G5,1,2,M,3,1,0,16,12,4,9032,2,1,0,5,4,3
LF,23-G5,1,1,M,3,1,0,14,12,2,6453,0,1,2,3,4,5
LF,23-G5,1,4,M,3,1,0,12,4,0,9568,0,1,2,3,4,5
LF,23-G5,1,3,M,3,1,0,12,12,0,7090,0,1,2,3,4,5
LF,23-G5,4,2,M,3,0,1,16,12,4,9844,3,0,1,4,2,5
LF,23-G5,4,1,M,3,0,1,20,12,2,6175,0,3,1,4,2,5
LF,23-G5,4,4,M,3,0,1,12,4,0,11058,3,0,1,4,2,5
LF,23-G5,4,3,M,3,0,1,18,12,0,12426,0,3,1,4,2,5
LF,23-G5,9,2,F,2,0,2,16,12,4,12969,0,1,2,3,4,5
LF,23-G5,9,1,F,2,0,2,14,12,2,10953,0,3,1,4,2,5
LF,23-G5,9,4,F,2,0,2,12,4,4,15125,0,1,2,3,4,5
LF,23-G5,9,3,F,2,0,2,12,12,0,10922,0,1,2,3,4,5
LF,23-G5,11,2,M,2,1,0,16,12,4,16048,0,1,2,5,,
LF,23-G5,11,1,M,2,1,0,14,12,2,17281,3,1,5,3,,
LF,23-G5,11,4,M,2,1,0,4,4,8,9125,0,1,2,,,
LF,23-G5,11,3,M,2,1,0,6,6,6,5125,3,4,2,2,,
LF,23-G5,0,2,M,3,1,0,16,12,4,15894,2,5,1,4,0,3
LF,23-G5,0,1,M,3,1,0,12,10,2,17894,1,4,,,,
LF,23-G5,0,4,M,3,1,0,4,4,8,9314,0,3,2,5,4,1
LF,23-G5,0,3,M,3,1,0,15,12,3,8785,1,4,,,,
LF,23-G5,7,2,F,3,2,3+,16,12,4,13579,0,3,1,4,2,5
LF,23-G5,7,1,F,3,2,3+,10,8,8,11923,1,4,0,3,2,5
LF,23-G5,7,4,F,3,2,3+,8,4,4,10094,0,3,1,4,2,5
LF,23-G5,7,3,F,3,2,3+,12,12,3,6891,0,3,1,4,2,5
LF,23-G5,8,2,F,2,0,1,16,12,4,9016,0,1,2,5,4,3
LF,23-G5,8,1,F,2,0,1,14,12,2,10079,0,3,1,4,2,5
LF,23-G5,8,4,F,2,0,1,12,4,0,8641,0,3,1,4,2,5
LF,23-G5,8,3,F,2,0,1,15,12,0,6094,3,0,1,4,2,5
LF,23-G5,10,2,F,3,0,0,16,12,4,11892,0,3,,,,
LF,23-G5,10,1,F,3,0,0,20,12,2,17813,0,3,1,4,2,5
LF,23-G5,10,4,F,3,0,0,12,4,0,10516,0,3,1,4,2,5
LF,23-G5,10,3,F,3,0,0,15,12,0,7563,0,3,1,4,2,5
LF,23-G5,5,2,F,3,0,1,16,12,4,14110,2,1,0,3,4,5
LF,23-G5,5,1,F,3,0,1,14,12,2,17970,0,3,1,4,2,5
LF,23-G5,5,4,F,3,0,1,8,4,4,9344,0,1,2,3,4,5
LF,23-G5,5,3,F,3,0,1,12,12,0,5485,0,1,2,3,4,5
LF,23-G5,3,2,F,5,0,1,16,12,4,10823,0,1,2,3,4,5
LF,23-G5,3,1,F,5,0,1,14,12,2,9523,0,1,2,3,4,5
LF,23-G5,3,4,F,5,0,1,8,4,8,7999,0,1,2,3,4,5
LF,23-G5,3,3,F,5,0,1,12,12,3,7017,0,1,2,3,4,5
LF,23-G5,6,2,F,3,0,0,16,12,4,8344,0,3,1,4,2,5
LF,23-G5,6,1,F,3,0,0,10,8,8,11162,0,3,1,4,2,5
LF,23-G5,6,4,F,3,0,0,4,4,8,8047,0,3,1,4,2,5
LF,23-G5,6,3,F,3,0,0,15,12,3,8402,0,3,1,4,2,5
LF,45-G1,11,1,F,4,1,0,14,12,2,10407,2,0,1,3,4,5
LF,45-G1,11,2,F,4,1,0,16,12,4,73331,0,1,2,3,4,5
LF,45-G1,11,3,F,4,1,0,12,12,0,5891,0,3,1,4,2,5
LF,45-G1,11,4,F,4,1,0,4,4,0,14251,0,1,2,3,4,5
LF,45-G1,6,1,F,4,0,0,14,12,2,7865,0,3,1,4,2,5
LF,45-G1,6,2,F,4,0,0,16,12,4,8854,0,3,1,4,2,5
LF,45-G1,6,3,F,4,0,0,12,12,0,7364,0,3,1,4,2,5
LF,45-G1,6,4,F,4,0,0,4,4,0,7634,0,3,1,4,2,5
LF,45-G1,2,1,M,4,0,0,10,8,8,6204,0,3,1,4,2,5
LF,45-G1,2,2,M,4,0,0,16,12,4,20391,0,3,1,4,2,5
LF,45-G1,2,3,M,4,0,0,12,12,0,5203,0,3,1,4,2,5
LF,45-G1,2,4,M,4,0,0,8,4,0,22219,0,3,1,4,2,5
LF,45-G1,1,1,F,4,0,1,20,12,2,8657,0,3,1,4,2,5
LF,45-G1,1,2,F,4,0,1,16,12,4,13214,0,3,1,4,2,5
LF,45-G1,1,3,F,4,0,1,12,12,3,9868,0,1,4,2,5,3
LF,45-G1,1,4,F,4,0,1,4,4,0,14627,3,0,1,4,2,5
LF,45-G1,9,1,F,4,1,1,14,12,2,7094,2,5,1,4,3,0
LF,45-G1,9,2,F,4,1,1,16,12,4,17688,1,4,0,3,2,5
LF,45-G1,9,3,F,4,1,1,12,12,0,9078,1,4,0,3,2,5
LF,45-G1,9,4,F,4,1,1,4,4,0,11016,4,1,3,0,2,5
LF,45-G1,3,1,M,4,0,1,14,12,2,7094,0,3,1,4,2,5
LF,45-G1,3,2,M,4,0,1,16,12,4,18204,0,3,1,4,2,5
LF,45-G1,3,3,M,4,0,1,15,12,0,9078,0,3,1,4,2,5
LF,45-G1,3,4,M,4,0,1,4,4,0,24298,0,3,1,4,2,5
LF,45-G1,5,1,F,4,3+,0,14,12,2,5532,0,3,1,4,2,5
LF,45-G1,5,2,F,4,3+,0,16,12,4,9766,0,3,1,4,2,5
LF,45-G1,5,3,F,4,3+,0,12,12,0,5969,0,3,1,4,2,5
LF,45-G1,5,4,F,4,3+,0,4,4,0,6126,0,3,1,4,2,5
LF,45-G1,8,1,F,4,2,1,14,12,2,9386,0,3,1,4,2,5
LF,45-G1,8,2,F,4,2,1,16,12,4,8837,0,3,1,4,2,5
LF,45-G1,8,3,F,4,2,1,12,12,0,6157,0,3,4,1,2,5
LF,45-G1,8,4,F,4,2,1,4,4,0,7619,0,3,1,4,2,5
LF,45-G1,10,1,F,4,2,0,14,12,2,10118,0,1,2,3,4,5
LF,45-G1,10,2,F,4,2,0,16,12,4,12948,0,1,2,5,4,3
LF,45-G1,10,3,F,4,2,0,12,12,0,10094,0,1,2,5,4,3
LF,45-G1,10,4,F,4,2,0,4,4,0,18780,0,1,2,5,4,3
LF,45-G1,0,1,M,4,0,1,14,12,2,6032,0,3,1,4,2,5
LF,45-G1,0,2,M,4,0,1,16,12,4,8485,0,3,1,4,2,5
LF,45-G1,0,3,M,4,0,1,15,12,0,8876,0,3,1,4,2,5
LF,45-G1,0,4,M,4,0,1,4,4,0,4719,0,3,1,4,5,2
LF,45-G1,7,1,F,4,0,1,20,12,2,8337,0,3,1,4,2,5
LF,45-G1,7,2,F,4,0,1,16,12,4,9558,1,0,2,3,5,4
LF,45-G1,7,3,F,4,0,1,12,12,0,5148,0,1,2,3,5,4
LF,45-G1,7,4,F,4,0,1,4,4,0,4702,0,1,2,5,3,4
LF,45-G1,4,1,F,4,0,1,10,8,8,20735,0,3,1,4,2,5
LF,45-G1,4,2,F,4,0,1,16,12,4,13068,0,3,1,4,2,5
LF,45-G1,4,3,F,4,0,1,12,12,3,26887,0,3,1,4,2,5
LF,45-G1,4,4,F,4,0,1,4,4,4,7671,3,0,4,1,2,5
LF,45-G2,5,3,F,5,0,1,12,12,0,18829,0,1,2,4,3,5
LF,45-G2,5,2,F,5,0,1,16,12,4,9563,0,1,2,3,4,5
LF,45-G2,5,1,F,5,0,1,14,12,2,8860,0,1,2,3,4,5
LF,45-G2,5,4,F,5,0,1,4,4,0,8204,0,1,2,3,4,5
LF,45-G2,1,3,F,4,2,0,12,12,0,14524,0,1,2,3,4,5
LF,45-G2,1,2,F,4,2,0,16,12,4,11116,0,1,2,3,4,5
LF,45-G2,1,1,F,4,2,0,20,12,2,9191,0,1,2,3,4,5
LF,45-G2,1,4,F,4,2,0,4,4,0,12016,0,1,2,5,4,3
LF,45-G2,7,3,F,5,1,0,18,12,0,22844,3,4,5,2,1,0
LF,45-G2,7,2,F,5,1,0,16,12,4,16516,0,1,2,5,4,3
LF,45-G2,7,1,F,5,1,0,14,12,2,15297,3,2,4,1,0,5
LF,45-G2,7,4,F,5,1,0,8,4,0,18610,3,4,5,2,1,0
LF,45-G2,11,3,F,4,0,0,15,12,0,15181,0,3,1,4,2,5
LF,45-G2,11,2,F,4,0,0,16,12,4,10676,0,3,1,4,2,5
LF,45-G2,11,1,F,4,0,0,14,12,2,6143,0,3,1,4,2,5
LF,45-G2,11,4,F,4,0,0,4,4,4,13426,0,3,1,4,2,5
LF,45-G2,0,3,F,5,0,0,12,12,3,16818,0,3,1,4,2,5
LF,45-G2,0,2,F,5,0,0,16,12,4,7140,0,3,1,4,2,5
LF,45-G2,0,1,F,5,0,0,14,12,2,4700,0,3,1,4,2,5
LF,45-G2,0,4,F,5,0,0,4,4,8,8556,0,3,1,4,2,5
LF,45-G2,10,3,M,5,0,1,12,12,0,9328,0,1,2,3,4,5
LF,45-G2,10,2,M,5,0,1,16,12,4,7516,0,1,2,3,4,5
LF,45-G2,10,1,M,5,0,1,20,12,2,9656,0,1,2,3,4,5
LF,45-G2,10,4,M,5,0,1,8,4,4,8344,0,1,2,3,4,5
LF,45-G2,6,3,M,5,1,0,12,12,0,20549,0,1,2,3,4,5
LF,45-G2,6,2,M,5,1,0,12,12,4,9156,0,1,2,3,4,5
LF,45-G2,6,1,M,5,1,0,14,12,2,8289,0,1,2,3,4,5
LF,45-G2,6,4,M,5,1,0,4,4,0,7718,3,4,5,0,1,2
LF,45-G2,2,3,M,5,1,2,12,12,0,15563,0,1,2,3,4,5
LF,45-G2,2,2,M,5,1,2,16,12,4,7518,0,1,2,3,4,5
LF,45-G2,2,1,M,5,1,2,14,12,2,6047,0,1,2,3,4,5
LF,45-G2,2,4,M,5,1,2,12,4,0,9301,0,1,2,3,4,5
LF,45-G2,8,3,M,5,0,0,12,12,0,14188,3,4,5,0,1,2
LF,45-G2,8,2,M,5,0,0,8,4,0,13844,4,5,0,3,1,2
LF,45-G2,8,1,M,5,0,0,10,8,8,7188,3,4,5,0,1,2
LF,45-G2,8,4,M,5,0,0,8,4,4,7703,3,4,5,0,1,2
LF,45-G2,9,3,F,5,0,0,12,12,0,13516,0,1,2,3,4,5
LF,45-G2,9,2,F,5,0,0,16,12,4,6656,0,3,1,4,2,5
LF,45-G2,9,1,F,5,0,0,14,12,2,7672,0,3,1,4,2,5
LF,45-G2,9,4,F,5,0,0,4,4,0,7328,0,3,1,4,2,5
LF,45-G2,3,3,F,5,3+,3+,6,6,6,19314,0,1,2,3,4,5
LF,45-G2,3,2,F,5,3+,3+,16,12,4,10251,0,1,2,3,4,5
LF,45-G2,3,1,F,5,3+,3+,10,8,8,5015,0,1,2,3,4,5
LF,45-G2,3,4,F,5,3+,3+,8,4,4,8594,0,1,2,3,4,5
LF,45-G2,4,3,F,4,0,1,12,12,0,18391,3,0,1,4,2,5
LF,45-G2,4,2,F,4,0,1,16,12,4,7812,0,3,1,4,2,5
LF,45-G2,4,1,F,4,0,1,14,12,2,3266,,,,,,
LF,45-G2,4,4,F,4,0,1,8,4,4,10766,0,3,4,1,2,5
LF,45-G3,2,2,M,5,1,0,16,12,4,7640,0,1,2,3,4,5
LF,45-G3,2,3,M,5,1,0,15,12,0,10278,0,1,2,5,4,3
LF,45-G3,2,4,M,5,1,0,4,4,0,6453,0,1,2,5,4,3
LF,45-G3,2,1,M,5,1,0,14,12,2,5204,0,1,2,3,4,5
LF,45-G3,5,2,M,5,0,0,24,12,4,27408,3,1,2,5,4,0
LF,45-G3,5,3,M,5,0,0,6,6,6,12047,0,3,1,4,2,5
LF,45-G3,5,4,M,5,0,0,8,4,4,6172,0,3,1,4,2,5
LF,45-G3,5,1,M,5,0,0,10,8,8,8344,0,3,1,4,2,5
LF,45-G3,8,2,F,5,1,1,16,12,4,22844,0,1,2,5,4,3
LF,45-G3,8,3,F,5,1,1,15,12,0,15907,0,1,2,5,4,3
LF,45-G3,8,4,F,5,1,1,4,4,4,10704,0,1,2,5,4,3
LF,45-G3,8,1,F,5,1,1,14,12,2,9782,0,1,2,5,4,3
LF,45-G3,0,2,M,5,0,0,8,4,12,12735,3,1,5,4,2,0
LF,45-G3,0,3,M,5,0,0,12,12,3,11439,4,1,0,3,5,2
LF,45-G3,0,4,M,5,0,0,4,4,8,6913,3,0,4,1,2,5
LF,45-G3,0,1,M,5,0,0,14,12,2,8170,0,3,1,4,2,5
LF,45-G3,6,2,M,5,0,1,16,12,4,6855,0,3,1,4,2,5
LF,45-G3,6,3,M,5,0,1,18,12,0,6516,0,3,1,4,2,5
LF,45-G3,6,4,M,5,0,1,8,4,4,7058,3,0,4,1,5,2
LF,45-G3,6,1,M,5,0,1,14,12,2,7641,3,0,4,1,5,2
LF,45-G3,3,2,F,5,1,0,16,12,4,6291,2,1,0,,,
LF,45-G3,3,3,F,5,1,0,12,12,3,14618,3,0,4,1,5,2
LF,45-G3,3,4,F,5,1,0,8,4,4,9528,0,1,2,5,4,3
LF,45-G3,3,1,F,5,1,0,20,12,2,7304,0,1,2,5,4,3
LF,45-G3,9,2,F,5,1,0,16,12,4,9266,0,1,2,3,4,5
LF,45-G3,9,3,F,5,1,0,12,12,0,6719,0,1,2,5,4,3
LF,45-G3,9,4,F,5,1,0,4,4,0,10298,0,1,2,5,4,3
LF,45-G3,9,1,F,5,1,0,14,12,2,5515,0,3,1,4,2,5
LF,45-G3,7,2,M,5,2,0,16,12,4,7157,2,5,1,4,0,3
LF,45-G3,7,3,M,5,2,0,12,12,0,5766,0,3,1,4,2,5
LF,45-G3,7,4,M,5,2,0,8,4,0,8188,3,0,4,1,2,5
LF,45-G3,7,1,M,5,2,0,14,12,2,6734,3,0,1,4,2,5
LF,45-G3,4,2,F,5,3+,1,16,12,4,10000,0,1,2,3,4,5
LF,45-G3,4,3,F,5,3+,1,18,12,0,15953,0,3,1,4,2,5
LF,45-G3,4,4,F,5,3+,1,12,4,0,5688,0,3,1,4,2,5
LF,45-G3,4,1,F,5,3+,1,14,12,2,5797,0,3,1,4,2,5
LF,45-G3,1,2,M,5,1,0,16,12,4,13912,0,1,2,3,4,5
LF,45-G3,1,3,M,5,1,0,6,6,6,18915,3,4,5,0,1,2
LF,45-G3,1,4,M,5,1,0,8,4,4,7372,0,1,2,3,4,5
LF,45-G3,1,1,M,5,1,0,14,12,2,10215,0,1,2,3,4,5
LF,45-G4,2,1,F,5,1,1,14,12,2,20058,3,0,1,4,2,5
LF,45-G4,2,4,F,5,1,1,12,4,4,12238,3,1,2,5,4,0
LF,45-G4,2,3,F,5,1,1,18,12,3,17846,3,4,5,2,1,0
LF,45-G4,2,2,F,5,1,1,16,12,4,15007,0,1,2,3,4,5
LF,45-G4,9,1,M,5,2,0,20,12,2,11063,3,0,1,4,2,5
LF,45-G4,9,4,M,5,2,0,4,4,8,8234,0,3,4,1,2,5
LF,45-G4,9,3,M,5,2,0,6,6,6,9516,0,3,4,1,2,5
LF,45-G4,9,2,M,5,2,0,16,12,4,9641,0,0,3,4,4,1
LF,45-G4,0,1,M,5,0,2,14,12,2,5766,0,1,2,5,4,3
LF,45-G4,0,4,M,5,0,2,12,4,0,6688,0,2,1,5,4,3
LF,45-G4,0,3,M,5,0,2,12,12,0,6297,0,1,2,5,4,3
LF,45-G4,0,2,M,5,0,2,16,12,4,8657,1,0,2,5,4,3
LF,45-G4,8,1,M,5,0,0,10,8,8,6494,0,1,2,4,3,5
LF,45-G4,8,4,M,5,0,0,8,4,8,10135,0,1,2,5,4,3
LF,45-G4,8,3,M,5,0,0,9,6,6,7324,0,1,2,5,4,3
LF,45-G4,8,2,M,5,0,0,8,4,12,6224,0,1,2,5,4,3
LF,45-G4,4,1,M,5,0,1,20,12,2,6907,0,1,2,3,4,5
LF,45-G4,4,4,M,5,0,1,4,4,0,5485,0,1,2,3,4,5
LF,45-G4,4,3,M,5,0,1,12,12,0,5455,0,1,2,3,4,5
LF,45-G4,4,2,M,5,0,1,16,12,4,6188,3,0,1,4,2,5
LF,45-G4,3,1,F,5,0,0,14,12,2,26328,1,2,0,3,4,5
LF,45-G4,3,4,F,5,0,0,4,4,0,17470,0,1,2,3,4,5
LF,45-G4,3,3,F,5,0,0,18,12,0,11654,0,1,2,3,4,5
LF,45-G4,3,2,F,5,0,0,24,12,4,4356,0,1,2,,,
LF,45-G4,1,1,F,5,3+,0,14,12,2,46455,0,1,2,3,4,5
LF,45-G4,1,4,F,5,3+,0,12,4,4,20641,0,1,2,3,4,5
LF,45-G4,1,3,F,5,3+,0,15,12,3,16579,0,1,2,3,4,5
LF,45-G4,1,2,F,5,3+,0,16,12,4,31907,0,1,2,3,4,5
LF,45-G4,5,1,M,5,0,1,14,12,2,7016,0,1,2,5,4,3
LF,45-G4,5,4,M,5,0,1,8,4,0,7610,0,1,2,5,4,3
LF,45-G4,5,3,M,5,0,1,18,12,0,5969,0,1,2,5,4,3
LF,45-G4,5,2,M,5,0,1,16,12,4,5985,0,1,2,5,4,3
LF,45-G4,7,1,F,5,1,0,10,8,8,12871,2,5,1,4,0,3
LF,45-G4,7,4,F,5,1,0,4,4,4,7862,0,1,2,3,4,5
LF,45-G4,7,3,F,5,1,0,15,12,3,13925,0,1,2,5,4,3
LF,45-G4,7,2,F,5,1,0,8,4,12,7329,0,1,2,5,4,3
LF,45-G4,6,1,F,5,0,0,14,12,2,14405,0,1,2,3,,
LF,45-G4,6,4,F,5,0,0,8,4,8,6458,0,1,2,3,5,4
LF,45-G4,6,3,F,5,0,0,6,6,6,10397,0,1,2,3,4,5
LF,45-G4,6,2,F,5,0,0,24,12,4,8373,0,1,2,3,4,5
LF,45-G5,4,2,F,4,2,1,24,12,4,8641,0,1,2,3,4,5
LF,45-G5,4,1,F,4,2,1,14,12,2,5391,0,1,2,3,4,5
LF,45-G5,4,4,F,4,2,1,8,4,0,5781,0,1,2,3,4,5
LF,45-G5,4,3,F,4,2,1,12,12,0,5797,0,1,2,3,4,5
LF,45-G5,7,2,M,3,3+,1,8,4,12,27940,0,3,1,4,2,5
LF,45-G5,7,1,M,3,3+,1,12,10,2,14754,0,3,1,4,2,5
LF,45-G5,7,4,M,3,3+,1,4,4,4,13672,0,3,1,4,2,5
LF,45-G5,7,3,M,3,3+,1,9,6,6,20976,0,3,1,4,2,5
LF,45-G5,6,2,F,4,0,0,16,12,4,9312,3,0,1,4,2,5
LF,45-G5,6,1,F,4,0,0,14,12,2,7109,0,3,1,4,2,5
LF,45-G5,6,4,F,4,0,0,12,4,0,5562,3,0,1,4,2,5
LF,45-G5,6,3,F,4,0,0,12,12,0,4141,0,3,1,4,2,5
LF,45-G5,5,2,F,4,0,1,8,4,12,11475,0,3,1,4,2,5
LF,45-G5,5,1,F,4,0,1,14,12,2,7157,0,3,1,4,2,5
LF,45-G5,5,4,F,4,0,1,8,4,8,4513,0,3,1,4,2,5
LF,45-G5,5,3,F,4,0,1,12,12,0,5368,0,3,1,4,2,5
LF,45-G5,1,2,M,4,2,0,24,12,4,13704,0,1,2,3,4,5
LF,45-G5,1,1,M,4,2,0,12,10,2,11579,0,1,2,4,3,5
LF,45-G5,1,4,M,4,2,0,4,4,4,9141,0,2,1,3,4,5
LF,45-G5,1,3,M,4,2,0,12,12,0,11516,0,1,2,3,4,5
LF,45-G5,8,2,M,4,1,0,16,12,4,15556,0,1,2,3,4,5
LF,45-G5,8,1,M,4,1,0,14,12,2,11268,0,1,2,3,4,5
LF,45-G5,8,4,M,4,1,0,12,4,4,13755,3,0,4,1,2,5
LF,45-G5,8,3,M,4,1,0,12,12,0,10660,0,1,2,3,4,5
LF,45-G5,0,2,M,4,0,1,16,12,4,7866,1,4,0,3,2,5
LF,45-G5,0,1,M,4,0,1,14,12,2,8953,0,3,4,1,2,5
LF,45-G5,0,4,M,4,0,1,8,4,0,7994,0,3,4,1,2,5
LF,45-G5,0,3,M,4,0,1,12,12,0,5276,0,3,1,4,2,5
LF,45-G5,9,2,F,4,1,0,16,12,4,10594,0,1,2,3,4,5
LF,45-G5,9,1,F,4,1,0,14,12,2,11766,0,1,2,3,4,5
LF,45-G5,9,4,F,4,1,0,8,4,0,11470,0,1,2,3,4,5
LF,45-G5,9,3,F,4,1,0,12,12,0,7001,0,1,2,3,4,5
LF,45-G5,3,2,F,4,1,0,16,12,4,13204,0,1,2,5,4,3
LF,45-G5,3,1,F,4,1,0,14,12,2,11079,0,3,1,4,2,5
LF,45-G5,3,4,F,4,1,0,4,4,4,14563,0,3,1,4,2,5
LF,45-G5,3,3,F,4,1,0,12,12,0,9813,0,3,1,4,2,5
LF,45-G5,2,2,F,4,0,0,16,12,4,25868,5,4,3,0,1,2
LF,45-G5,2,1,F,4,0,0,14,12,2,11016,0,1,2,5,4,3
LF,45-G5,2,4,F,4,0,0,4,4,8,8187,0,1,2,5,4,3
LF,45-G5,2,3,F,4,0,0,18,12,3,6547,3,0,4,1,5,2
USC,,5,1,F,YA,,,20,12,2,7331,0,1,2,5,4,3
USC,,5,2,F,YA,,,16,12,4,11543,0,1,2,5,4,3
USC,,5,3,F,YA,,,15,12,0,7784,0,1,2,5,4,3
USC,,5,4,F,YA,,,8,4,0,5849,0,1,2,5,4,3
USC,,11,1,M,YA,,,10,8,8,47769,0,4,2,5,1,3
USC,,11,2,M,YA,,,8,4,12,16989,3,4,5,2,,
USC,,11,3,M,YA,,,15,12,0,6927,0,4,,,,
USC,,11,4,M,YA,,,4,4,4,7722,2,3,1,,,
USC,,7,1,F,YA,,,10,8,8,18704,0,3,1,4,2,5
USC,,7,2,F,YA,,,16,12,4,13198,0,3,1,4,2,5
USC,,7,3,F,YA,,,18,12,3,14554,0,3,1,4,2,5
USC,,7,4,F,YA,,,12,4,8,3666,,,,,,
USC,,4,1,M,YA,,,14,12,2,7769,0,1,2,5,4,3
USC,,4,2,M,YA,,,16,12,4,8128,0,3,1,4,2,5
USC,,4,3,M,YA,,,12,12,3,8408,0,3,1,4,2,5
USC,,4,4,M,YA,,,4,4,0,8470,0,3,4,1,2,5
USC,,1,1,F,YA,,,20,12,2,7410,0,1,2,5,4,3
USC,,1,2,F,YA,,,16,12,4,5024,0,1,2,3,,
USC,,1,3,F,YA,,,18,12,3,6209,0,1,2,3,4,
USC,,1,4,F,YA,,,12,4,4,22121,0,1,2,5,4,3
USC,,0,1,M,YA,,,10,8,8,13728,0,3,1,4,2,5
USC,,0,2,M,YA,,,16,12,4,9422,0,3,1,4,2,5
USC,,0,3,M,YA,,,9,6,6,4758,0,3,1,4,2,5
USC,,0,4,M,YA,,,12,4,8,13431,3,0,4,1,2,5
USC,,10,1,F,YA,,,20,12,2,6224,0,,,,,
USC,,10,2,F,YA,,,8,4,0,15116,2,1,4,0,3,5
USC,,10,3,F,YA,,,9,6,6,27175,0,4,2,5,1,3
USC,,10,4,F,YA,,,12,4,8,33337,0,1,2,5,4,3
USC,,9,1,F,YA,,,20,12,2,27284,0,4,2,1,3,5
USC,,9,2,F,YA,,,16,12,4,31980,4,5,3,2,1,0
USC,,9,3,F,YA,,,15,12,0,14289,4,0,5,1,3,2
USC,,9,4,F,YA,,,12,4,0,33883,4,1,3,5,0,2
USC,,6,1,F,YA,,,14,12,2,10671,0,3,1,4,2,5
USC,,6,2,F,YA,,,12,12,4,6552,0,3,1,4,2,5
USC,,6,3,F,YA,,,12,12,3,5881,0,3,1,4,2,5
USC,,6,4,F,YA,,,4,4,0,1997,,,,,,
USC,,8,1,F,YA,,,10,8,8,13400,0,1,2,3,4,5
USC,,8,2,F,YA,,,16,12,4,13635,2,1,0,3,4,5
USC,,8,3,F,YA,,,9,6,6,11918,2,1,0,3,4,5
USC,,8,4,F,YA,,,12,4,8,6614,2,1,0,3,4,5
USC,,3,1,M,YA,,,14,12,2,10171,0,1,2,3,4,5
USC,,3,2,M,YA,,,16,12,4,10140,0,1,2,3,4,5
USC,,3,3,M,YA,,,12,12,3,7036,0,1,2,3,4,5
USC,,3,4,M,YA,,,8,4,8,6926,0,1,2,3,4,5
USC,,2,1,M,YA,,,14,12,2,9531,3,0,1,4,2,5
USC,,2,2,M,YA,,,24,12,4,6255,0,3,1,4,2,5
USC,,2,3,M,YA,,,18,12,3,5335,3,0,1,4,2,5
USC,,2,4,M,YA,,,4,4,8,6521,3,0,4,1,2,5
USC,,5,3,M,YA,,,15,12,3,9781,0,1,2,4,3,
USC,,5,2,M,YA,,,16,12,4,5226,0,1,2,,,
USC,,5,1,M,YA,,,14,12,2,11497,0,1,2,3,4,5
USC,,5,4,M,YA,,,12,4,8,7800,0,1,2,3,4,5
USC,,6,3,F,YA,,,15,12,3,10811,0,1,2,5,4,3
USC,,6,2,F,YA,,,16,12,4,6537,0,1,2,5,4,3
USC,,6,1,F,YA,,,14,12,2,5460,0,1,2,5,4,3
USC,,6,4,F,YA,,,4,4,8,13369,0,1,2,5,4,3
USC,,2,3,M,YA,,,12,12,3,13120,0,3,1,4,2,5
USC,,2,2,M,YA,,,16,12,4,8253,0,3,1,4,2,5
USC,,2,1,M,YA,,,14,12,2,19469,0,1,2,3,4,5
USC,,2,4,M,YA,,,4,4,8,11466,0,3,1,4,2,5
USC,,0,3,M,YA,,,12,12,0,2683,0,3,4,,,
USC,,0,2,M,YA,,,16,12,4,4586,3,0,1,2,5,4
USC,,0,1,M,YA,,,14,12,2,1654,0,3,,,,
USC,,0,4,M,YA,,,12,4,0,4243,0,3,1,4,2,5
USC,,9,3,M,YA,,,15,12,3,6552,0,3,1,4,2,5
USC,,9,2,M,YA,,,16,12,4,5819,0,3,1,4,2,5
USC,,9,1,M,YA,,,14,12,2,5413,0,3,1,4,2,5
USC,,9,4,M,YA,,,12,4,8,8159,0,3,1,4,2,5
USC,,11,3,F,YA,,,12,6,6,6489,5,4,3,,,
USC,,11,2,F,YA,,,8,4,12,2949,5,4,3,,,
USC,,11,1,F,YA,,,10,8,8,3775,3,4,5,,,
USC,,11,4,F,YA,,,12,4,8,4072,5,3,4,,,
USC,,7,3,F,YA,,,15,12,3,11154,0,4,1,3,2,5
USC,,7,2,F,YA,,,16,12,4,15210,0,3,1,4,2,5
USC,,7,1,F,YA,,,10,8,8,10810,0,3,4,1,5,2
USC,,7,4,F,YA,,,12,4,8,12137,0,3,1,4,2,5
USC,,10,3,M,YA,,,12,6,6,7488,0,3,1,4,2,5
USC,,10,2,M,YA,,,24,12,4,12901,2,5,1,4,0,3
USC,,10,1,M,YA,,,10,8,8,4275,0,3,1,4,2,5
USC,,10,4,M,YA,,,12,4,8,6396,0,3,1,4,2,5
USC,,8,3,M,YA,,,15,12,0,8127,0,1,2,5,4,3
USC,,8,2,M,YA,,,16,12,4,4899,0,1,2,5,4,3
USC,,8,1,M,YA,,,14,12,2,4992,0,1,2,5,4,3
USC,,8,4,M,YA,,,12,4,0,8876,0,1,2,5,4,3
USC,,1,3,M,YA,,,15,12,3,9095,0,1,2,5,4,3
USC,,1,2,M,YA,,,16,12,4,6053,0,1,2,5,4,3
USC,,1,1,M,YA,,,20,12,2,4212,0,1,2,,,
USC,,1,4,M,YA,,,4,4,8,7207,0,1,2,4,5,3
USC,,3,3,F,YA,,,15,12,3,7316,0,1,2,5,4,3
USC,,3,2,F,YA,,,16,12,4,6584,1,2,5,4,0,3
USC,,3,1,F,YA,,,20,12,2,11575,3,0,4,1,2,5
USC,,3,4,F,YA,,,12,4,8,5990,0,1,2,5,4,3
USC,,4,3,M,YA,,,12,12,0,8673,0,1,2,3,4,5
USC,,4,2,M,YA,,,16,12,4,11061,0,1,2,3,4,5
USC,,4,1,M,YA,,,20,12,2,7395,0,1,2,3,4,5
USC,,4,4,M,YA,,,12,4,0,5928,0,1,2,3,4,5
USC,,6,2,F,YA,,,16,12,4,5990,0,1,2,3,,
USC,,6,3,F,YA,,,15,12,3,5787,0,1,2,4,3,
USC,,6,4,F,YA,,,4,4,8,6053,0,1,2,3,4,5
USC,,6,1,F,YA,,,14,12,2,7036,0,1,2,3,4,5
USC,,3,2,F,YA,,,16,12,4,6271,0,3,1,4,2,5
USC,,3,3,F,YA,,,12,12,0,7270,0,3,1,4,2,5
USC,,3,4,F,YA,,,12,4,0,6177,0,3,1,4,2,5
USC,,3,1,F,YA,,,20,12,2,6068,3,0,1,4,2,5
USC,,2,2,F,YA,,,8,4,12,14804,0,3,4,1,2,5
USC,,2,3,F,YA,,,15,12,3,12574,0,3,4,1,2,5
USC,,2,4,F,YA,,,4,4,4,5912,3,0,1,4,2,5
USC,,2,1,F,YA,,,10,8,8,7925,0,3,1,4,2,5
USC,,4,2,F,YA,,,16,12,4,19890,4,0,3,1,5,2
USC,,4,3,F,YA,,,12,12,0,7223,1,4,2,5,0,3
USC,,4,4,F,YA,,,4,4,0,3682,,,,,,
USC,,4,1,F,YA,,,20,12,2,12465,1,2,0,4,3,5
USC,,8,2,F,YA,,,24,12,4,8829,0,3,1,4,2,5
USC,,8,3,F,YA,,,12,12,0,11278,0,3,1,4,2,5
USC,,8,4,F,YA,,,4,4,0,9905,0,3,1,4,2,5
USC,,8,1,F,YA,,,14,12,2,8268,0,3,1,4,2,5
USC,,9,2,F,YA,,,16,12,4,10515,0,3,1,4,2,5
USC,,9,3,F,YA,,,12,12,3,8268,0,3,1,4,2,5
USC,,9,4,F,YA,,,4,4,8,8455,2,5,1,4,0,3
USC,,9,1,F,YA,,,10,8,8,9719,0,3,1,4,2,5
USC,,5,2,F,YA,,,16,12,4,1950,,,,,,
USC,,5,3,F,YA,,,12,12,0,57236,0,1,5,,,
USC,,5,4,F,YA,,,8,4,0,22667,1,5,3,4,0,2
USC,,5,1,F,YA,,,12,10,2,7160,1,2,4,,,
USC,,7,2,F,YA,,,16,12,4,7707,0,3,1,4,2,5
USC,,7,3,F,YA,,,12,12,3,12651,0,1,2,3,4,5
USC,,7,4,F,YA,,,4,4,8,20764,0,1,2,5,4,3
USC,,7,1,F,YA,,,14,12,2,8658,0,3,1,4,2,5
USC,,0,2,F,YA,,,16,12,4,10577,0,3,1,4,2,5
USC,,0,3,F,YA,,,15,12,0,7534,0,3,1,4,2,5
USC,,0,4,F,YA,,,12,4,0,6006,0,3,1,4,2,5
USC,,0,1,F,YA,,,14,12,2,9345,3,0,1,4,5,2
USC,,1,2,M,YA,,,16,12,4,17674,0,1,2,5,4,3
USC,,1,3,M,YA,,,15,12,0,6099,0,1,2,5,4,3
USC,,1,4,M,YA,,,12,4,0,7457,0,1,2,5,4,3
USC,,1,1,M,YA,,,14,12,2,13556,0,1,2,5,4,3
USC,,5,1,F,YA,,,20,12,2,8003,2,1,0,3,4,5
USC,,5,4,F,YA,,,12,4,8,8596,2,1,0,3,4,5
USC,,5,3,F,YA,,,15,12,3,8081,2,1,0,3,4,5
USC,,5,2,F,YA,,,12,12,4,8283,0,1,2,5,4,3
USC,,9,1,M,YA,,,20,12,2,5382,0,1,2,,,
USC,,9,4,M,YA,,,8,4,8,6053,0,1,2,5,4,3
USC,,9,3,M,YA,,,15,12,3,6895,0,1,2,5,4,3
USC,,9,2,M,YA,,,16,12,4,6318,0,1,2,5,4,3
USC,,10,1,F,YA,,,10,8,8,5726,4,2,,,,
USC,,10,4,F,YA,,,12,4,8,7597,0,1,2,3,4,5
USC,,10,3,F,YA,,,15,12,3,7285,0,1,2,5,4,3
USC,,10,2,F,YA,,,16,12,4,7145,0,1,2,3,4,5
USC,,3,1,M,YA,,,10,8,8,14851,0,3,1,4,2,5
USC,,3,4,M,YA,,,8,4,8,8830,0,3,1,4,2,5
USC,,3,3,M,YA,,,15,12,3,12932,0,3,1,4,2,5
USC,,3,2,M,YA,,,16,12,4,11341,0,3,1,4,2,5
USC,,0,1,M,YA,,,10,8,8,8596,0,3,1,4,2,5
USC,,0,4,M,YA,,,12,4,8,10499,0,3,4,1,2,5
USC,,0,3,M,YA,,,12,12,3,13088,2,1,0,3,4,5
USC,,0,2,M,YA,,,16,12,4,9329,0,3,4,1,2,5
USC,,11,1,M,YA,,,20,12,2,8003,2,5,4,1,0,3
USC,,11,4,M,YA,,,4,4,8,10109,0,1,2,3,4,5
USC,,11,3,M,YA,,,18,12,3,8892,2,1,0,3,4,5
USC,,11,2,M,YA,,,16,12,4,8096,0,3,1,4,2,5
USC,,1,1,M,YA,,,10,8,8,7660,0,1,2,5,4,3
USC,,1,4,M,YA,,,12,4,8,11950,5,4,3,0,1,2
USC,,1,3,M,YA,,,9,6,6,7707,5,4,3,0,1,2
USC,,1,2,M,YA,,,16,12,4,8003,5,4,3,0,1,2
USC,,7,1,M,YA,,,14,12,2,8830,5,4,3,0,1,2
USC,,7,4,M,YA,,,12,4,8,9937,0,3,4,1,2,5
USC,,7,3,M,YA,,,15,12,3,6287,2,5,4,1,0,3
USC,,7,2,M,YA,,,8,4,0,1903,,,,,,
USC,,8,1,M,YA,,,20,12,2,13619,0,3,1,4,2,5
USC,,8,4,M,YA,,,12,4,4,18861,0,3,4,1,2,5
USC,,8,3,M,YA,,,15,12,3,8143,0,3,1,4,2,5
USC,,8,2,M,YA,,,16,12,4,9064,0,3,4,1,2,5
USC,,2,1,F,YA,,,20,12,2,9344,0,1,2,3,4,5
USC,,2,4,F,YA,,,12,4,0,18548,0,3,1,4,2,5
USC,,2,3,F,YA,,,15,12,0,5523,0,3,1,4,2,5
USC,,2,2,F,YA,,,16,12,4,8486,0,3,1,4,2,5
USC,,6,1,F,YA,,,10,8,8,15319,1,2,0,3,4,5
USC,,6,4,F,YA,,,12,4,4,16645,4,3,5,1,2,0
USC,,6,3,F,YA,,,15,12,3,6989,4,1,2,5,0,3
USC,,6,2,F,YA,,,16,12,4,18830,5,2,1,4,0,3
USC,,4,1,F,YA,,,14,12,2,12293,2,5,4,1,0,3
USC,,4,4,F,YA,,,12,4,8,7831,2,5,4,1,0,3
USC,,4,3,F,YA,,,15,12,3,7800,2,5,4,1,0,3
USC,,4,2,F,YA,,,16,12,4,6740,4,1,0,3,2,5
USC,,11,2,M,YA,,,16,12,4,27815,2,1,0,3,4,5
USC,,11,1,M,YA,,,20,12,2,42838,0,1,2,5,4,3
USC,,11,4,M,YA,,,4,4,8,29796,0,1,2,5,4,3
USC,,11,3,M,YA,,,12,12,3,16209,2,1,0,3,4,5
USC,,7,2,F,YA,,,16,12,4,12386,5,2,4,1,0,3
USC,,7,1,F,YA,,,14,12,2,7987,0,3,1,4,2,5
USC,,7,4,F,YA,,,8,4,4,14851,0,1,2,4,5,3
USC,,7,3,F,YA,,,15,12,3,8221,0,1,2,5,4,3
USC,,0,2,F,YA,,,16,12,4,21153,0,3,1,4,2,5
USC,,0,1,F,YA,,,10,8,8,12433,0,3,1,4,2,5
USC,,0,4,F,YA,,,4,4,8,13010,0,3,1,4,2,5
USC,,0,3,F,YA,,,12,12,3,9469,2,5,1,4,0,3
USC,,10,2,F,YA,,,16,12,4,16333,3,0,1,4,5,2
USC,,10,1,F,YA,,,10,8,8,6381,3,0,4,1,2,5
USC,,10,4,F,YA,,,8,4,4,20810,3,0,4,1,2,5
USC,,10,3,F,YA,,,15,12,0,2543,,,,,,
USC,,6,2,M,YA,,,16,12,4,16754,0,3,1,4,2,5
USC,,6,1,M,YA,,,14,12,2,19016,0,3,1,4,2,5
USC,,6,4,M,YA,,,12,4,8,10328,0,3,1,4,2,5
USC,,6,3,M,YA,,,15,12,3,14414,0,3,1,4,2,5
USC,,5,2,M,YA,,,16,12,4,5694,0,1,2,,,
USC,,5,1,M,YA,,,14,12,2,3791,0,1,2,,,
USC,,5,4,M,YA,,,8,4,8,8252,0,1,2,3,4,5
USC,,5,3,M,YA,,,12,12,3,7254,0,1,2,5,4,3
USC,,2,2,F,YA,,,16,12,4,8377,0,1,2,5,4,3
USC,,2,1,F,YA,,,14,12,2,7036,0,1,2,5,4,3
USC,,2,4,F,YA,,,8,4,0,6521,0,1,2,5,4,3
USC,,2,3,F,YA,,,15,12,0,6521,0,1,2,5,4,3
USC,,9,2,M,YA,,,16,12,4,16239,0,0,1,2,,
USC,,9,1,M,YA,,,12,10,2,12699,0,4,2,5,1,3
USC,,9,4,M,YA,,,12,4,4,11684,0,3,4,1,2,5
USC,,9,3,M,YA,,,12,12,3,8596,3,0,1,4,2,5
USC,,3,2,F,YA,,,16,12,4,4181,0,1,2,,,
USC,,3,1,F,YA,,,14,12,2,3868,0,1,2,,,
USC,,3,4,F,YA,,,12,4,8,7208,0,1,2,3,4,5
USC,,3,3,F,YA,,,15,12,3,8814,0,1,2,3,4,5
USC,,8,2,F,YA,,,16,12,4,9750,2,1,0,3,4,5
USC,,8,1,F,YA,,,20,12,2,9906,0,1,2,5,4,3
USC,,8,4,F,YA,,,12,4,0,17254,0,1,2,5,4,3
USC,,8,3,F,YA,,,15,12,0,10530,0,1,2,5,4,3
USC,,4,2,F,YA,,,16,12,4,6723,0,1,2,,,
USC,,4,1,F,YA,,,14,12,2,9219,0,1,2,,,
USC,,4,4,F,YA,,,12,4,0,16646,0,1,2,3,4,5
USC,,4,3,F,YA,,,15,12,3,22277,0,1,2,3,4,5
USC,,1,2,F,YA,,,16,12,4,9968,0,3,1,4,2,5
USC,,1,1,F,YA,,,14,12,2,17316,0,3,1,4,2,5
USC,,1,4,F,YA,,,4,4,4,23057,0,3,1,4,2,5
USC,,1,3,F,YA,,,15,12,0,19219,0,3,1,4,2,5
USC,,5,3,F,YA,,,15,12,3,10031,0,1,2,,,
USC,,5,4,F,YA,,,4,4,0,10249,0,1,2,3,4,5
USC,,5,2,F,YA,,,16,12,4,4540,0,1,2,,,
USC,,5,1,F,YA,,,14,12,2,5382,0,1,2,,,
USC,,0,3,F,YA,,,15,12,3,9501,0,1,2,3,4,
USC,,0,4,F,YA,,,4,4,0,8315,0,1,2,5,4,3
USC,,0,2,F,YA,,,16,12,4,4649,0,1,2,,,
USC,,0,1,F,YA,,,20,12,2,3479,0,1,2,,,
USC,,9,3,F,YA,,,18,12,0,11498,0,1,2,3,4,5
USC,,9,4,F,YA,,,4,4,0,9547,0,1,2,3,4,5
USC,,9,2,F,YA,,,16,12,4,6801,0,1,2,5,4,3
USC,,9,1,F,YA,,,20,12,2,4602,0,1,2,3,,
USC,,11,3,M,YA,,,12,12,0,11060,0,3,1,4,2,5
USC,,11,4,M,YA,,,4,4,0,250,,,,,,
USC,,11,2,M,YA,,,16,12,4,7925,0,1,2,3,4,5
USC,,11,1,M,YA,,,14,12,2,8517,0,1,2,3,4,5
USC,,8,3,F,YA,,,9,6,6,7425,0,3,1,4,2,5
USC,,8,4,F,YA,,,12,4,4,5850,0,3,1,4,2,5
USC,,8,2,F,YA,,,16,12,4,5881,0,3,1,4,2,5
USC,,8,1,F,YA,,,10,8,8,8112,0,3,1,4,2,5
USC,,1,3,F,YA,,,15,12,0,22729,0,1,2,3,4,5
USC,,1,4,F,YA,,,4,4,4,9844,0,3,1,4,2,5
USC,,1,2,F,YA,,,16,12,4,10452,0,1,2,3,4,5
USC,,1,1,F,YA,,,14,12,2,54787,0,3,1,4,2,5
USC,,6,3,M,YA,,,15,12,3,39328,3,4,5,1,0,2
USC,,6,4,M,YA,,,8,4,8,22354,0,1,2,3,4,5
USC,,6,2,M,YA,,,16,12,4,10296,0,1,3,4,2,5
USC,,6,1,M,YA,,,10,8,8,18237,0,1,3,4,2,5
USC,,2,3,F,YA,,,15,12,3,9142,0,1,2,4,3,
USC,,2,4,F,YA,,,12,4,8,8143,3,1,2,0,4,5
USC,,2,2,F,YA,,,16,12,4,4695,0,1,2,,,
USC,,2,1,F,YA,,,20,12,2,5382,0,1,2,,,
USC,,3,3,F,YA,,,18,12,3,12808,0,1,2,5,4,3
USC,,3,4,F,YA,,,8,4,8,9968,0,3,1,4,2,5
USC,,3,2,F,YA,,,16,12,4,7535,2,5,1,4,0,3
USC,,3,1,F,YA,,,14,12,2,12356,0,3,1,4,2,5
USC,,10,3,F,YA,,,6,6,6,15694,3,4,5,2,1,0
USC,,10,4,F,YA,,,12,4,8,14196,0,3,4,5,2,1
USC,,10,2,F,YA,,,16,12,4,12121,3,4,5,2,1,0
USC,,10,1,F,YA,,,10,8,8,7160,3,0,1,4,2,5
USC,,7,3,M,YA,,,12,12,3,7956,0,3,1,4,2,5
USC,,7,4,M,YA,,,8,4,0,6942,0,3,1,4,2,5
USC,,7,2,M,YA,,,16,12,4,6895,0,3,1,4,2,5
USC,,7,1,M,YA,,,14,12,2,6771,0,3,1,4,5,2
USC,,4,3,F,YA,,,12,12,0,10405,0,3,1,4,2,5
USC,,4,4,F,YA,,,12,4,4,7472,0,3,1,4,2,5
USC,,4,2,F,YA,,,16,12,4,5350,0,3,1,4,2,5
USC,,4,1,F,YA,,,14,12,2,4399,0,3,1,4,2,5